{
  "$schema": "https://schema.management.azure.com/schemas/2019-04-01/deploymentParameters.json#",
  "contentVersion": "1.0.0.0",
  "parameters": {
    "resourceLocation": {
      "value": "southeastasia"
    },
    "resourcelocationShort": {
      "value": "sea"
    },
    "environment": {
      "value": "<from-Pipeline-parameters>"
    },
    "subscriptionTypeShort": {
      "value": "nw"
    },
    "InstanceNumber": {
      "value": "001"
    },
    "kvname": {
      "value": "aveseacornw001"
    },
    "vwanparams": {
      "value": {
        "name": "vwan",
        "allowBranchToBranchTraffic": true,
        "allowVnetToVnetTraffic": true
      }
    },
    "vhubparams": {
      "value": [
        {
          "name": "vhub",
          "addressPrefix": "10.166.0.0/22",
          "vpngParams": {
            "name": "ave-sea-cor-vhub-vpng-001",
            "vpnGatewayScaleUnit": 3,
            "bgpSettings": {
              "asn": 65515
            },
            "isRoutingPreferenceInternet": false
          },
          "hubRouteTables": [],
          "vnetConnectionParams": []
        }
      ]
    },
    "deployDdosProtectionPlan": {
      "value": false
    },
    // Note Always have the Core Vnet defined first as this is used to configure the vpngw and other resources.
    "virtualNetworks": {
      "value": [
        {
          "name": "vnet",
          "addressPrefixes": [
            "10.166.4.0/22"
          ],
          "subnets": [
            {
              "name": "AzureFirewallSubnet",
              "addressPrefix": "10.166.4.0/26"
            },
            {
              "name": "AzurePrivateEndpoint",
              "addressPrefix": "10.166.4.192/27"
            },
            {
              "name": "AzureBastionSubnet",
              "addressPrefix": "10.166.5.0/26"
            },
            {
              "name": "sub-iaas",
              "addressPrefix": "10.166.4.64/27"
            },
            {
              "name": "sub-paas",
              "addressPrefix": "10.166.4.128/27"
            },
            {
              "name": "GatewaySubnet",
              "addressPrefix": "10.166.6.0/27"
            }
          ],
          "dnsServers": [
            "10.166.8.164",
            "10.166.8.165",
            "168.63.129.16"
          ]
        }
      ]
    },
    "rsvParams": {
      "value": [
        {
          "InstanceNumber": "001",
          "backupConfig": {
            "storageModelType": "ZoneRedundant",
            "storageType": "ZoneRedundant"
          },
          "backupPolicies": [
            {
              "name": "ave-sea-cor-rsv-Daily-Schedule-001",
              "properties": {
                "backupManagementType": "AzureIaasVM",
                "policyType": "V2",
                "schedulePolicy": {
                  "schedulePolicyType": "SimpleSchedulePolicyV2",
                  "scheduleRunFrequency": "Daily",
                  "dailySchedule": {
                    "scheduleRunTimes": [
                      "2022-07-06T23:00:00Z"
                    ]
                  }
                },
                "retentionPolicy": {
                  "retentionPolicyType": "LongTermRetentionPolicy",
                  "dailySchedule": {
                    "retentionTimes": [
                      "2022-07-06T23:00:00Z"
                    ],
                    "retentionDuration": {
                      "count": 30,
                      "durationType": "Days"
                    }
                  }
                },
                "instantRpRetentionRangeInDays": 2,
                "timeZone": "Singapore Standard Time"
              }
            }
          ],
          "backupStorageConfig": {
            "storageModelType": "ZoneRedundant",
            "crossRegionRestoreFlag": false
          }
        }
      ]
    },
    "bastionParams": {
      "value": {
        "skuType": "Basic",
        "scaleUnits": 3
      }
    },
    "nsgParams": {
      "value": [
        {
          "name": "AzurePrivateEndpoint-nsg",
          "securityRules": [],
          "attachNSGtoSubnet": true,
          "subnetName": "AzurePrivateEndpoint"
        },
        {
          "name": "AzureBastionSubnet-nsg",
          "securityRules": [
            {
              "name": "Allow-TCP443-fromInternet",
              "properties": {
                "protocol": "Tcp",
                "sourcePortRange": "*",
                "destinationPortRange": "443",
                "sourceAddressPrefix": "Internet",
                "destinationAddressPrefix": "*",
                "access": "Allow",
                "priority": 1000,
                "direction": "Inbound",
                "sourcePortRanges": [],
                "destinationPortRanges": [],
                "sourceAddressPrefixes": [],
                "destinationAddressPrefixes": []
              }
            },
            {
              "name": "Allow-TCP443-fromGatewayManager",
              "properties": {
                "protocol": "Tcp",
                "sourcePortRange": "*",
                "destinationPortRange": "443",
                "sourceAddressPrefix": "GatewayManager",
                "destinationAddressPrefix": "*",
                "access": "Allow",
                "priority": 1001,
                "direction": "Inbound",
                "sourcePortRanges": [],
                "destinationPortRanges": [],
                "sourceAddressPrefixes": [],
                "destinationAddressPrefixes": []
              }
            },
            {
              "name": "Deny-All-InBound",
              "properties": {
                "protocol": "*",
                "sourcePortRange": "*",
                "destinationPortRange": "*",
                "sourceAddressPrefix": "*",
                "destinationAddressPrefix": "*",
                "access": "Deny",
                "priority": 1011,
                "direction": "Inbound",
                "sourcePortRanges": [],
                "destinationPortRanges": [],
                "sourceAddressPrefixes": [],
                "destinationAddressPrefixes": []
              }
            },
            {
              "name": "Allow-TCP3389_22-toVirtulaNetwork",
              "properties": {
                "protocol": "Tcp",
                "sourcePortRange": "*",
                "sourceAddressPrefix": "*",
                "destinationAddressPrefix": "VirtualNetwork",
                "access": "Allow",
                "priority": 1000,
                "direction": "Outbound",
                "sourcePortRanges": [],
                "destinationPortRanges": [
                  "3389",
                  "22"
                ],
                "sourceAddressPrefixes": [],
                "destinationAddressPrefixes": []
              }
            },
            {
              "name": "Allow-TCP443-toAzureCloud",
              "properties": {
                "protocol": "Tcp",
                "sourcePortRange": "*",
                "destinationPortRange": "443",
                "sourceAddressPrefix": "*",
                "destinationAddressPrefix": "AzureCloud",
                "access": "Allow",
                "priority": 1001,
                "direction": "Outbound",
                "sourcePortRanges": [],
                "destinationPortRanges": [],
                "sourceAddressPrefixes": [],
                "destinationAddressPrefixes": []
              }
            },
            {
              "name": "Deny-All-OutBound",
              "properties": {
                "protocol": "*",
                "sourcePortRange": "*",
                "destinationPortRange": "*",
                "sourceAddressPrefix": "*",
                "destinationAddressPrefix": "*",
                "access": "Deny",
                "priority": 1100,
                "direction": "Outbound",
                "sourcePortRanges": [],
                "destinationPortRanges": [],
                "sourceAddressPrefixes": [],
                "destinationAddressPrefixes": []
              }
            }
          ],
          "attachNSGtoSubnet": true,
          "subnetName": "AzureBastionSubnet"
        },
        {
          "name": "sub-iaas-nsg",
          "securityRules": [],
          "attachNSGtoSubnet": true,
          "subnetName": "sub-iaas"
        },
        {
          "name": "sub-paas-nsg",
          "securityRules": [],
          "attachNSGtoSubnet": true,
          "subnetName": "sub-paas"
        }
      ]
    },
    "routeTableParams": {
      "value": [
        {
          "name": "AzurePrivateEndpoint-rt",
          "routes": [],
          "disableBgpRoutePropagation": false
        },
        {
          "name": "sub-iaas-rt",
          "routes": [],
          "disableBgpRoutePropagation": false
        },
        {
          "name": "sub-paas-rt",
          "routes": [],
          "disableBgpRoutePropagation": false
        }
      ]
    },
    "firewallParams": {
      "value": {
        "name": "ave-sea-cor-fw-001",
        "zonesPip": [
          "1"
        ],
        "zonesFirewall": [],
        "threatIntelMode": "Deny",
        "azureSkuName": "AZFW_VNet",
        "azureSkuTier": "Premium",
        "firewallPolicy": {
          "name": "ave-sea-cor-afwp-001",
          "tier": "Premium",
          "insightsIsEnabled": true,
          "ruleCollectionGroups": [
            {
              "ruleCollectionType": "FirewallPolicyFilterRuleCollection",
              "action": {
                "type": "Allow"
              },
              "rules": [
                {
                  "ruleType": "NetworkRule",
                  "name": "IHHToAvehealth",
                  "ipProtocols": [
                    "Any"
                  ],
                  "sourceAddresses": [
                    "172.16.0.0/16"
                  ],
                  "sourceIpGroups": [],
                  "destinationAddresses": [
                    "10.166.0.0/16"
                  ],
                  "destinationIpGroups": [],
                  "destinationFqdns": [],
                  "destinationPorts": [
                    "*"
                  ]
                },
                {
                  "ruleType": "NetworkRule",
                  "name": "AvehealthtoIHH",
                  "ipProtocols": [
                    "Any"
                  ],
                  "sourceAddresses": [
                    "10.166.0.0/16"
                  ],
                  "sourceIpGroups": [],
                  "destinationAddresses": [
                    "172.16.0.0/16"
                  ],
                  "destinationIpGroups": [],
                  "destinationFqdns": [],
                  "destinationPorts": [
                    "*"
                  ]
                },
                {
                  "ruleType": "NetworkRule",
                  "name": "Internal-Vnet-VNet",
                  "ipProtocols": [
                    "Any"
                  ],
                  "sourceAddresses": [
                    "10.166.0.0/16"
                  ],
                  "sourceIpGroups": [],
                  "destinationAddresses": [
                    "AzureActiveDirectory",
                    "AzureCloud",
                    "AzureActiveDirectoryDomainServices",
                    "Sql.SoutheastAsia",
                    "Storage.SoutheastAsia",
                    "Sql",
                    "SqlManagement",
                    "Storage"
                  ],
                  "destinationIpGroups": [],
                  "destinationFqdns": [],
                  "destinationPorts": [
                    "*"
                  ]
                },
                {
                  "ruleType": "NetworkRule",
                  "name": "P2S-Vnet",
                  "ipProtocols": [
                    "Any"
                  ],
                  "sourceAddresses": [
                    "10.168.30.0/32"
                  ],
                  "sourceIpGroups": [],
                  "destinationAddresses": [
                    "10.166.0.0/16"
                  ],
                  "destinationIpGroups": [],
                  "destinationFqdns": [],
                  "destinationPorts": [
                    "*"
                  ]
                }
              ],
              "name": "Test_ruleCollection",
              "priority": 1000
            }
          ]
        }
      }
    },
    "p2sParams":{
      "value": [
        {
          "name": "f68da8c400184eaa9d287b4ff39fecc4-southeastasia-p2s-gw",
          "vpnGatewayScaleUnit": 1,
          "customDnsServers": [
            "168.63.129.16",
            "8.8.8.8"
          ],
          "isRoutingPreferenceInternet": false,
          "addressPrefixes": [
            "10.168.30.0/24"
          ],
          "serverConfig": {
            "name": "P2S-UserVPN-001",
            "vpnProtocols": [
              "OpenVPN"
            ],
            "vpnAuthenticationTypes": [
              "AAD"
            ],
            "aadAuthenticationParameters": {
              "aadTenant": "https://login.microsoftonline.com/bbaf0319-e615-416f-8870-f7eacf074b66/",
              "aadAudience": "41b23e61-6c1e-4545-b367-cd054e0ed4b4",
              "aadIssuer": "https://sts.windows.net/bbaf0319-e615-416f-8870-f7eacf074b66/"
            }
          }
        }
      ]
    },
    "tags": {
      "value": {
        "BusinessUnit": "hospital",
        "Env": "core",
        "SolutionName": "",
        "Owner": "Kandan Jayaraj  K.Jayaraj@mitsui.com",
        "Secondary": "christian cote christian.cote@avehealth.co"
      }
    }
  }
}