{
  "$schema": "https://schema.management.azure.com/schemas/2019-04-01/deploymentParameters.json#",
  "contentVersion": "1.0.0.0",
  "parameters": {
    "resourceLocation": {
      "value": "southeastasia"
    },
    "resourcelocationShort": {
      "value": "sea"
    },
    "environment": {
      "value": "<from-Pipeline-parameters>"
    },
    "resourcegroups": {
      "value": [
        {
          "rgType" : "network",
          "instanceNumber": "001"
        },
        {
          "rgType" : "vwan",
          "instanceNumber": "001"
        },
        {
          "rgType" : "bas",
          "instanceNumber": "001"
        },
        {
          "rgType" : "backup",
          "instanceNumber": "001"
        },
        // {
        //   "rgType" : "fw",
        //   "instanceNumber": "001"
        // },
        // {
        //   "rgType" : "fwp",
        //   "instanceNumber": "001"
        // },
        {
          "rgType" : "ddos",
          "instanceNumber": "001"
        },
        {
          "rgType" : "management",
          "instanceNumber": "001"
        },
        {
          "rgType" : "rsv",
          "instanceNumber": "001"
        }
      ]
    },
    "tags": {
      "value": {
        "BusinessUnit": "hospital",
        "Env": "core",
        "SolutionName" : "",
        "Owner": "Kandan Jayaraj  K.Jayaraj@mitsui.com",
        "Secondary": "christian cote christian.cote@avehealth.co"
      }
    }
    // "tags": {
    //   "value": {
    //     "BusinessUnit"        : "",
    //     "Env"                 : "",
    //     "SolutionName"        : "",
    //     "Owner"               : "",
    //     "Secondary"           : "",
    //     "CostCentre"          : "",
    //     "SupportDL"           : "",
    //     "Landscapetype"       : "",
    //     "RequestID"           : "",
    //     "AppEnv"              : "",
    //     "PurchaseOrder"       : "",
    //     "GearID"              : "",
    //     "ResourceGroup"       : "",
    //     "DeploymentType"      : "",
    //     "PlatformBackup"      : "",
    //     "TTOStatus"           : "",
    //     "TTORequest"          : "",
    //     "Department"          : "",
    //     "DataClassification"  : "",
    //     "Criticality"         : "",
    //     "Retention"           : "",
    //     "BackupPolicy"        : ""
    //   }
    // }
  }
}