{
  "$schema": "https://schema.management.azure.com/schemas/2019-04-01/deploymentParameters.json#",
  "contentVersion": "1.0.0.0",
  "parameters": {
    "resourceLocation": {
      "value": "southeastasia"
    },
    "resourcelocationShort": {
      "value": "sea"
    },
    "environment": {
      "value": "<from-Pipeline-parameters>"
    },
    "subscriptionTypeShort" : {
      "value": "prd"
    },
    "InstanceNumber": {
      "value": "001"
    },
    "KvParams": {
      "value": [
        {
          "name":  "aveseaprd001",
          "privateEndpoints": [
            {
              "service": "vault",
              "privateDnsZoneGroup": [
                {
                  "name": "privatelink-vaultcore-azure-net",
                  "privateDNSResourceIds": [
                    "/subscriptions/edd625a7-b2c6-4e36-b706-fe7325edcedf/resourceGroups/ave-sea-cor-arg-pdnsz-001/providers/Microsoft.Network/privateDnsZones/privatelink.vaultcore.azure.net"
                  ]
                }
              ],
              "subnetResourceId": "/subscriptions/36f411b1-ac22-439c-bdcc-a3940544376f/resourceGroups/ave-sea-prd-arg-prd_network-001/providers/Microsoft.Network/virtualNetworks/ave-sea-prd-vnet-001/subnets/AzurePrivateEndpoint"
            }
          ]
        }
      ]
    },
    "virtualNetworks": {
      "value": [
        {
          "name": "vnet",
          "addressPrefixes": [
            "10.166.12.0/22"
          ],
          "subnets": [
            {
              "name": "sub-paas",
              "addressPrefix": "10.166.12.0/24"
            },
            {
              "name": "sub-iaas",
              "addressPrefix": "10.166.13.0/24"
            },
            {
              "name": "AzurePrivateEndpoint",
              "addressPrefix": "10.166.14.0/26"
            },
            {
              "name": "DataBricksHost-Subnet",
              "addressPrefix": "10.166.15.0/25"
            },
            {
              "name": "DataBricksContainer-Subnet",
              "addressPrefix": "10.166.15.128/25"
            }
          ],
          "dnsServers": [
            "10.166.8.164",
            "10.166.8.165",
            "168.63.129.16"
          ],
          "virtualNetworkPeerings": [
            {
              "name": "production-vnet-hubvnet-peering",
              "remotePeeringName": "hubvnet-production-vnet-peering",
              "remoteVirtualNetworkId": "/subscriptions/a62d709a-dbbf-463e-abb1-7b9c15ac50d1/resourceGroups/ave-sea-cor-arg-network-001/providers/Microsoft.Network/virtualNetworks/ave-sea-cor-vnet-001",
              "allowForwardedTraffic": true,
              "allowGatewayTransit": false,
              "useRemoteGateways": false,
              "allowVirtualNetworkAccess": true,
              "remotePeeringEnabled": true,
              "remotePeeringAllowForwardedTraffic": true,
              "remotePeeringAllowGatewayTransit": false,
              "remotePeeringUseRemoteGateways": false,
              "remotePeeringAllowVirtualNetworkAccess": true
            }
          ]
        }
      ]
    },
    "vhubId":{
      "value": "/subscriptions/a62d709a-dbbf-463e-abb1-7b9c15ac50d1/resourceGroups/ave-sea-cor-arg-vwan-001/providers/Microsoft.Network/virtualHubs/ave-sea-cor-vhub-001"
    },
    "nsgParams": {
      "value": [
        {
          "name": "sub-paas-nsg",
          "securityRules": [],
          "subnetName": "sub-paas"
        },
        {
          "name": "sub-iaas-nsg",
          "securityRules": [],
          "subnetName": "sub-iaas"
        },
        {
          "name": "AzurePrivateEndpoint-nsg",
          "securityRules": [],
          "subnetName": "AzurePrivateEndpoint"
        },
        {
          "name": "DataBricksHost-Subnet-nsg",
          "securityRules": [],
          "subnetName": "DataBricksHost-Subnet"
        },
        {
          "name": "DataBricksContainer-Subnet-nsg",
          "securityRules": [],
          "subnetName": "DataBricksContainer-Subnet"
        }
      ]
    },
    "routeTableParams":{
      "value": [
        {
          "name": "sub-paas-rt",
          "routes": [],
          "disableBgpRoutePropagation" : false
        },
        {
          "name": "sub-iaas-rt",
          "routes": [],
          "disableBgpRoutePropagation" : false
        },
        {
          "name": "AzurePrivateEndpoint-rt",
          "routes": [],
          "disableBgpRoutePropagation" : false
        },
        {
          "name": "DataBricksHost-Subnet-rt",
          "routes": [],
          "disableBgpRoutePropagation" : false
        },
        {
          "name": "DataBricksContainer-Subnet-rt",
          "routes": [],
          "disableBgpRoutePropagation" : false
        }
      ]
    },
    "rsvParams":{
      "value": [
        {
          "InstanceNumber": "001",
          "backupConfig": {
            "storageModelType": "ZoneRedundant",
            "storageType": "ZoneRedundant"
          },
          "backupPolicies":[
            {
              "name": "ave-sea-prod-rsv-Daily-Schedule-001",
              "properties": {
                "backupManagementType": "AzureIaasVM",
                "policyType": "V2",
                "schedulePolicy": {
                    "schedulePolicyType": "SimpleSchedulePolicyV2",
                    "scheduleRunFrequency": "Daily",
                    "dailySchedule": {
                      "scheduleRunTimes": [
                          "2022-07-06T23:00:00Z"
                      ]
                  }
                },
                "retentionPolicy": {
                  "retentionPolicyType": "LongTermRetentionPolicy",
                  "dailySchedule": {
                      "retentionTimes": [
                          "2022-07-06T23:00:00Z"
                      ],
                      "retentionDuration": {
                          "count": 30,
                          "durationType": "Days"
                      }
                  }
                },
                "instantRpRetentionRangeInDays": 2,
                "timeZone": "Singapore Standard Time"
              }
            }
          ],
          "backupStorageConfig": {
            "storageModelType": "ZoneRedundant",
            "crossRegionRestoreFlag": false
          }
        }
      ]
    },
    "tags": {
      "value": {
        "BusinessUnit": "hospital",
        "Env": "Prod",
        "SolutionName" : "DataMine QA",
        "Owner": "Kandan Jayaraj  K.Jayaraj@mitsui.com",
        "Secondary": "christian cote christian.cote@avehealth.co"
      }
    }
  }
}