{
    "Microsoft.Synapse/workspaces/linkedServices": {
        "*": {
            "properties": {
                "typeProperties": {
                    "*": "="
                }
            }
        },
        "AzureKeyVault": {
            "properties": {
                "typeProperties": {
                    "baseUrl": "="
                }
            }
        },
        "AzureSqlDatabase": {
            "properties": {
                "typeProperties": {
                    "connectionString": "=:DBConnectionString:securestring"
                }
            }
        }
    },
    "Microsoft.Synapse/workspaces/pipelines": {
        "properties": {
            "activities": [
                {
                    "typeProperties": {
                        "dataflow": {
                            "parameters": {
                                "Filename": "="
                            }
                        }
                    }
                }
            ]
        }
    }
}