{
	"$schema": "http://schema.management.azure.com/schemas/2015-01-01/deploymentTemplate.json#",
	"contentVersion": "1.0.0.0",
	"parameters": {
		"workspaceName": {
			"type": "string",
			"metadata": "Workspace name",
			"defaultValue": "ave-sea-dev-synw-data-001"
		},
		"ls_OperationAzureDB": {
			"type": "string"
		},
		"ls_GenericADL2": {
			"type": "string"
		}
	},
	"variables": {
		"workspaceId": "[concat('Microsoft.Synapse/workspaces/', parameters('workspaceName'))]"
	},
	"resources": [
		{
			"name": "[concat(parameters('workspaceName'), '/Start OnBoarding Process')]",
			"type": "Microsoft.Synapse/workspaces/pipelines",
			"apiVersion": "2019-06-01-preview",
			"properties": {
				"activities": [
					{
						"name": "Get records to load into ADL2",
						"type": "Lookup",
						"dependsOn": [],
						"policy": {
							"timeout": "7.00:00:00",
							"retry": 0,
							"retryIntervalInSeconds": 30,
							"secureOutput": false,
							"secureInput": false
						},
						"userProperties": [],
						"typeProperties": {
							"source": {
								"type": "AzureSqlSource",
								"sqlReaderQuery": {
									"value": "SELECT\n    null as SourceKeyVaultSecretName,\n  '@{pipeline().parameters.PL_StorageAccountName}' as SourceControl1,\t\n  'raw' as SourceControl2\t,\n  'framework'as SourceControl3,\n  'Sample_of_SourceOnboarding.xlsx' as \tSourceControl4,\n  'operation.SourceSystem' as SourceControl5,\t\t\t\n null as DestinationControl1 ,\n  null as DestinationControl2\t,\n  'staging' as DestinationControl3\t,\n  'temp_SourceSystem' as DestinationControl4\n  UNION \n    SELECT  null as SourceKeyVaultSecretName, \n\t '@{pipeline().parameters.PL_StorageAccountName}' as SourceControl1,\t\n  'raw' as SourceControl2\t,\n  'framework'as SourceControl3,\n  'Sample_of_SourceOnboarding.xlsx' as \tSourceControl4,\n  'operation.Hospital' as SourceControl5,\t\t\t\n   null as DestinationControl1 ,\n  null as DestinationControl2\t,\n  'staging' as DestinationControl3\t,\n  'temp_Hospital' as DestinationControl4\n  UNION\n   SELECT  null as SourceKeyVaultSecretName,\n  '@{pipeline().parameters.PL_StorageAccountName}'  as SourceControl1,\t\n  'raw' as SourceControl2\t,\n  'framework'as SourceControl3,\n  'Sample_of_SourceOnboarding.xlsx' as \tSourceControl4,\n  'operation.TemplateInfo' as SourceControl5,\t\t\t\n  null as DestinationControl1 ,\n  null as DestinationControl2\t,\n  'staging' as DestinationControl3\t,\n  'temp_TemplateInfo' as DestinationControl4\n  UNION\n   SELECT  null as SourceKeyVaultSecretName,\n   '@{pipeline().parameters.PL_StorageAccountName}' as SourceControl1,\t\n  'raw' as SourceControl2\t,\n  'framework'as SourceControl3,\n  'Sample_of_SourceOnboarding.xlsx' as \tSourceControl4,\n  'operation.BatchSchedule' as SourceControl5,\t\t\t\n    null as DestinationControl1 ,\n  null as DestinationControl2\t,\n  'staging' as DestinationControl3\t,\n  'temp_BatchSchedule' as DestinationControl4\n  UNION\n    SELECT  null as SourceKeyVaultSecretName, \n '@{pipeline().parameters.PL_StorageAccountName}' as SourceControl1,\t\n  'raw' as SourceControl2\t,\n  'framework'as SourceControl3,\n  'Sample_of_SourceOnboarding.xlsx' as \tSourceControl4,\n  'operation.MetadataTableControl' as SourceControl5,\t\t\t\n   null as DestinationControl1 ,\n  null as DestinationControl2\t,\n  'staging' as DestinationControl3\t,\n  'temp_MetadataTableControl' as DestinationControl4",
									"type": "Expression"
								},
								"queryTimeout": "02:00:00",
								"partitionOption": "None"
							},
							"dataset": {
								"referenceName": "ds_OperationAzureDB",
								"type": "DatasetReference"
							},
							"firstRowOnly": false
						}
					},
					{
						"name": "Load records into ADL2",
						"type": "ForEach",
						"dependsOn": [
							{
								"activity": "Get records to load into ADL2",
								"dependencyConditions": [
									"Succeeded"
								]
							}
						],
						"userProperties": [],
						"typeProperties": {
							"items": {
								"value": "@activity('Get records to load into ADL2').output.value",
								"type": "Expression"
							},
							"isSequential": true,
							"activities": [
								{
									"name": "Ingest records into ADL2",
									"type": "Copy",
									"dependsOn": [
										{
											"activity": "FileValidation",
											"dependencyConditions": [
												"Succeeded"
											]
										}
									],
									"policy": {
										"timeout": "7.00:00:00",
										"retry": 0,
										"retryIntervalInSeconds": 30,
										"secureOutput": false,
										"secureInput": false
									},
									"userProperties": [],
									"typeProperties": {
										"source": {
											"type": "ExcelSource",
											"storeSettings": {
												"type": "AzureBlobFSReadSettings",
												"recursive": true,
												"enablePartitionDiscovery": false
											}
										},
										"sink": {
											"type": "AzureSqlSink",
											"preCopyScript": {
												"value": "Truncate Table @{item().DestinationControl3}.@{item().DestinationControl4}",
												"type": "Expression"
											},
											"writeBehavior": "insert",
											"sqlWriterUseTableLock": true,
											"disableMetricsCollection": false
										},
										"enableStaging": false,
										"translator": {
											"type": "TabularTranslator",
											"typeConversion": true,
											"typeConversionSettings": {
												"allowDataTruncation": true,
												"treatBooleanAsNumber": false
											}
										}
									},
									"inputs": [
										{
											"referenceName": "ds_ADL2_GenericDataSet_Excel",
											"type": "DatasetReference",
											"parameters": {
												"SecretName": {
													"value": "@item().SourceKeyVaultSecretName",
													"type": "Expression"
												},
												"StorageAccount": {
													"value": "@item().SourceControl1",
													"type": "Expression"
												},
												"ContainerName": {
													"value": "@item().SourceControl2",
													"type": "Expression"
												},
												"FolderName": {
													"value": "@item().SourceControl3",
													"type": "Expression"
												},
												"FileName": {
													"value": "@item().SourceControl4",
													"type": "Expression"
												},
												"KeyVaultURI": {
													"value": "@item().SourceKeyVaultSecretName",
													"type": "Expression"
												},
												"SheetName": {
													"value": "@item().SourceControl5",
													"type": "Expression"
												}
											}
										}
									],
									"outputs": [
										{
											"referenceName": "ds_OperationAzureSQLDB",
											"type": "DatasetReference",
											"parameters": {
												"SchemaNme": {
													"value": "@item().DestinationControl3",
													"type": "Expression"
												},
												"TableName": {
													"value": "@item().DestinationControl4",
													"type": "Expression"
												}
											}
										}
									]
								},
								{
									"name": "FileValidation",
									"type": "GetMetadata",
									"dependsOn": [],
									"policy": {
										"timeout": "7.00:00:00",
										"retry": 0,
										"retryIntervalInSeconds": 30,
										"secureOutput": false,
										"secureInput": false
									},
									"userProperties": [],
									"typeProperties": {
										"dataset": {
											"referenceName": "ds_ADL2_GenericDataSet_Excel",
											"type": "DatasetReference",
											"parameters": {
												"SecretName": {
													"value": "@item().SourceKeyVaultSecretName",
													"type": "Expression"
												},
												"StorageAccount": {
													"value": "@item().SourceControl1",
													"type": "Expression"
												},
												"ContainerName": {
													"value": "@item().SourceControl2",
													"type": "Expression"
												},
												"FolderName": {
													"value": "@item().SourceControl3",
													"type": "Expression"
												},
												"FileName": {
													"value": "@item().SourceControl4",
													"type": "Expression"
												},
												"KeyVaultURI": {
													"value": "NULL",
													"type": "Expression"
												},
												"SheetName": {
													"value": "@item().SourceControl5",
													"type": "Expression"
												}
											}
										},
										"fieldList": [
											"exists"
										],
										"storeSettings": {
											"type": "AzureBlobFSReadSettings",
											"recursive": true,
											"enablePartitionDiscovery": false
										}
									}
								}
							]
						}
					},
					{
						"name": "Load SourceSystem",
						"type": "SqlServerStoredProcedure",
						"dependsOn": [
							{
								"activity": "Load records into ADL2",
								"dependencyConditions": [
									"Succeeded"
								]
							}
						],
						"policy": {
							"timeout": "7.00:00:00",
							"retry": 0,
							"retryIntervalInSeconds": 30,
							"secureOutput": false,
							"secureInput": false
						},
						"userProperties": [],
						"typeProperties": {
							"storedProcedureName": "[[operation].[SourceSystem_Upsert]"
						},
						"linkedServiceName": {
							"referenceName": "[parameters('ls_OperationAzureDB')]",
							"type": "LinkedServiceReference"
						}
					},
					{
						"name": "Load Hospital",
						"type": "SqlServerStoredProcedure",
						"dependsOn": [
							{
								"activity": "Load SourceSystem",
								"dependencyConditions": [
									"Succeeded"
								]
							}
						],
						"policy": {
							"timeout": "7.00:00:00",
							"retry": 0,
							"retryIntervalInSeconds": 30,
							"secureOutput": false,
							"secureInput": false
						},
						"userProperties": [],
						"typeProperties": {
							"storedProcedureName": "[[operation].[Hospital_Upsert]"
						},
						"linkedServiceName": {
							"referenceName": "[parameters('ls_OperationAzureDB')]",
							"type": "LinkedServiceReference"
						}
					},
					{
						"name": "Load Batch Schedule",
						"type": "SqlServerStoredProcedure",
						"dependsOn": [
							{
								"activity": "Load TemplateInfo",
								"dependencyConditions": [
									"Succeeded"
								]
							}
						],
						"policy": {
							"timeout": "7.00:00:00",
							"retry": 0,
							"retryIntervalInSeconds": 30,
							"secureOutput": false,
							"secureInput": false
						},
						"userProperties": [],
						"typeProperties": {
							"storedProcedureName": "[[operation].[BatchSchedule_Upsert]"
						},
						"linkedServiceName": {
							"referenceName": "[parameters('ls_OperationAzureDB')]",
							"type": "LinkedServiceReference"
						}
					},
					{
						"name": "Load TemplateInfo",
						"type": "SqlServerStoredProcedure",
						"dependsOn": [
							{
								"activity": "Load Hospital",
								"dependencyConditions": [
									"Succeeded"
								]
							}
						],
						"policy": {
							"timeout": "7.00:00:00",
							"retry": 0,
							"retryIntervalInSeconds": 30,
							"secureOutput": false,
							"secureInput": false
						},
						"userProperties": [],
						"typeProperties": {
							"storedProcedureName": "[[operation].[TemplateInfo_Upsert]"
						},
						"linkedServiceName": {
							"referenceName": "[parameters('ls_OperationAzureDB')]",
							"type": "LinkedServiceReference"
						}
					},
					{
						"name": "Load Metadata",
						"type": "SqlServerStoredProcedure",
						"dependsOn": [
							{
								"activity": "Load Batch Schedule",
								"dependencyConditions": [
									"Succeeded"
								]
							}
						],
						"policy": {
							"timeout": "7.00:00:00",
							"retry": 0,
							"retryIntervalInSeconds": 30,
							"secureOutput": false,
							"secureInput": false
						},
						"userProperties": [],
						"typeProperties": {
							"storedProcedureName": "[[operation].[MetadataTableControl_upsert]"
						},
						"linkedServiceName": {
							"referenceName": "[parameters('ls_OperationAzureDB')]",
							"type": "LinkedServiceReference"
						}
					}
				],
				"parameters": {
					"PL_StorageAccountName": {
						"type": "string",
						"defaultValue": "aveseadevstdata002"
					}
				},
				"variables": {
					"Sheetname": {
						"type": "String"
					}
				},
				"folder": {
					"name": "Projects/On-BoardingSource"
				},
				"annotations": [],
				"lastPublishTime": "2022-08-01T07:09:48Z"
			},
			"dependsOn": [
				"[concat(variables('workspaceId'), '/datasets/ds_OperationAzureDB')]",
				"[concat(variables('workspaceId'), '/datasets/ds_ADL2_GenericDataSet_Excel')]",
				"[concat(variables('workspaceId'), '/datasets/ds_OperationAzureSQLDB')]"
			]
		},
		{
			"name": "[concat(parameters('workspaceName'), '/ds_OperationAzureDB')]",
			"type": "Microsoft.Synapse/workspaces/datasets",
			"apiVersion": "2019-06-01-preview",
			"properties": {
				"linkedServiceName": {
					"referenceName": "[parameters('ls_OperationAzureDB')]",
					"type": "LinkedServiceReference",
					"parameters": {
						"LS_DBServerName": "ave-sea-dev-sql-data-001.database.windows.net",
						"LS_DBName": "ave-sea-dev-sqldb-data-001"
					}
				},
				"folder": {
					"name": "Datasets Templates"
				},
				"annotations": [],
				"type": "AzureSqlTable",
				"schema": []
			},
			"dependsOn": []
		},
		{
			"name": "[concat(parameters('workspaceName'), '/ds_ADL2_GenericDataSet_Excel')]",
			"type": "Microsoft.Synapse/workspaces/datasets",
			"apiVersion": "2019-06-01-preview",
			"properties": {
				"linkedServiceName": {
					"referenceName": "[parameters('ls_GenericADL2')]",
					"type": "LinkedServiceReference",
					"parameters": {
						"LS_StorageAccount": {
							"value": "@dataset().StorageAccount",
							"type": "Expression"
						}
					}
				},
				"parameters": {
					"SecretName": {
						"type": "string"
					},
					"StorageAccount": {
						"type": "string"
					},
					"ContainerName": {
						"type": "string"
					},
					"FolderName": {
						"type": "string"
					},
					"FileName": {
						"type": "string"
					},
					"KeyVaultURI": {
						"type": "string"
					},
					"SheetName": {
						"type": "string"
					}
				},
				"folder": {
					"name": "Datasets Templates"
				},
				"annotations": [],
				"type": "Excel",
				"typeProperties": {
					"sheetName": {
						"value": "@dataset().SheetName",
						"type": "Expression"
					},
					"location": {
						"type": "AzureBlobFSLocation",
						"fileName": {
							"value": "@dataset().FileName",
							"type": "Expression"
						},
						"folderPath": {
							"value": "@dataset().FolderName",
							"type": "Expression"
						},
						"fileSystem": {
							"value": "@dataset().ContainerName",
							"type": "Expression"
						}
					},
					"firstRowAsHeader": true
				},
				"schema": []
			},
			"dependsOn": []
		},
		{
			"name": "[concat(parameters('workspaceName'), '/ds_OperationAzureSQLDB')]",
			"type": "Microsoft.Synapse/workspaces/datasets",
			"apiVersion": "2019-06-01-preview",
			"properties": {
				"linkedServiceName": {
					"referenceName": "[parameters('ls_OperationAzureDB')]",
					"type": "LinkedServiceReference",
					"parameters": {
						"LS_DBServerName": "ave-sea-dev-sql-data-001.database.windows.net",
						"LS_DBName": "ave-sea-dev-sqldb-data-001"
					}
				},
				"parameters": {
					"SchemaNme": {
						"type": "string"
					},
					"TableName": {
						"type": "string"
					}
				},
				"folder": {
					"name": "Datasets Templates"
				},
				"annotations": [],
				"type": "AzureSqlTable",
				"schema": [],
				"typeProperties": {
					"schema": {
						"value": "@dataset().SchemaNme",
						"type": "Expression"
					},
					"table": {
						"value": "@dataset().TableName",
						"type": "Expression"
					}
				}
			},
			"dependsOn": []
		},
		{
			"name": "[concat(parameters('workspaceName'), '/default')]",
			"type": "Microsoft.Synapse/workspaces/managedVirtualNetworks",
			"apiVersion": "2019-06-01-preview",
			"dependsOn": []
		}
	]
}