{
	"$schema": "http://schema.management.azure.com/schemas/2015-01-01/deploymentTemplate.json#",
	"contentVersion": "1.0.0.0",
	"parameters": {
		"workspaceName": {
			"type": "string",
			"metadata": "Workspace name",
			"defaultValue": "ave-sea-dev-synw-data-001"
		},
		"ls_OperationAzureDB": {
			"type": "string"
		},
		"ls_GenericADL2": {
			"type": "string"
		}
	},
	"variables": {
		"workspaceId": "[concat('Microsoft.Synapse/workspaces/', parameters('workspaceName'))]"
	},
	"resources": [
		{
			"name": "[concat(parameters('workspaceName'), '/Generic - From ADLS2 - BInary to ADL2 - binary')]",
			"type": "Microsoft.Synapse/workspaces/pipelines",
			"apiVersion": "2019-06-01-preview",
			"properties": {
				"activities": [
					{
						"name": "Get records to load into ADL2",
						"type": "Lookup",
						"dependsOn": [],
						"policy": {
							"timeout": "7.00:00:00",
							"retry": 0,
							"retryIntervalInSeconds": 30,
							"secureOutput": false,
							"secureInput": false
						},
						"userProperties": [],
						"typeProperties": {
							"source": {
								"type": "AzureSqlSource",
								"sqlReaderQuery": {
									"value": "SELECT\n    MTC.*,\n    BS.ScheduleName,\n    CASE WHEN UPPER(DateFormat)=UPPER('YYYY') \nThen  FORMAT (getdate (), 'yyyy ') \nWHEN UPPER(DateFormat)=UPPER('YYYY/MM')\nThen  FORMAT (getdate (), 'yyyy/MM') \nWHEN UPPER(DateFormat)=UPPER('YYYY/mm/dd') \nThen  FORMAT (getdate (), 'yyyy/MM/dd') \nWHEN UPPER(DateFormat)=UPPER('yyyy/mm/dd/hh')\nTHEN\nFORMAT (getdate (), 'yyyy/MM/dd/hh')\nWHEN UPPER(DateFormat)=UPPER('YYYY-MM')\nThen  FORMAT (getdate (), 'yyyy/MM') \nWHEN UPPER(DateFormat)=UPPER('YYYY-mm-dd') \nThen  FORMAT (getdate (), 'yyyy/MM/dd') \n\tEND As DateParam\nFROM\n    [operation].[MetadataTableControl] MTC\nINNER JOIN\n    [operation].[BatchSchedule] BS ON MTC.BatchScheduleID = BS.BatchScheduleID\n\tINNER JOIN [operation].[TemplateInfo] TI on MTC.TemplateinfoID=TI.TemplateInfoID\nWHERE\n    MTC.TemplateinfoID = '@{pipeline().parameters.TemplateinfoID}'\n    AND MTC.GroupLoad = '@{pipeline().parameters.GroupLoad}'\n    AND MTC.Active = 1\n    AND BS.Active = 1\n\tAND TI.Active=1\n    AND BS.ScheduleName = '@{pipeline().parameters.ScheduleName}'\n\t",
									"type": "Expression"
								},
								"queryTimeout": "02:00:00",
								"partitionOption": "None"
							},
							"dataset": {
								"referenceName": "ds_OperationAzureDB",
								"type": "DatasetReference"
							},
							"firstRowOnly": false
						}
					},
					{
						"name": "Load records into ADL2",
						"type": "ForEach",
						"dependsOn": [
							{
								"activity": "Get records to load into ADL2",
								"dependencyConditions": [
									"Succeeded"
								]
							}
						],
						"userProperties": [],
						"typeProperties": {
							"items": {
								"value": "@activity('Get records to load into ADL2').output.value",
								"type": "Expression"
							},
							"isSequential": false,
							"activities": [
								{
									"name": "Get parameters to directory error",
									"type": "Lookup",
									"dependsOn": [
										{
											"activity": "Get folders to validate",
											"dependencyConditions": [
												"Failed"
											]
										}
									],
									"policy": {
										"timeout": "7.00:00:00",
										"retry": 0,
										"retryIntervalInSeconds": 30,
										"secureOutput": false,
										"secureInput": false
									},
									"userProperties": [],
									"typeProperties": {
										"source": {
											"type": "AzureSqlSource",
											"sqlReaderQuery": {
												"value": "SELECT\n    2 AS InsertUpsert,\n    NULL AS BatchProcessID,\n    MTC.TemplateinfoID,\n \n    MTC.BatchScheduleID,\n    BPSM.BatchProcessStatusNameID,\n  \n    MTC.TableGroupNumber,\n    MTC.GroupLoad,\n    MTC.MetadataControlID\nFROM\n\t\n\n\t[operation].[BatchSchedule] BS\nINNER JOIN\n\t[operation].[MetadataTableControl] MTC ON BS.BatchScheduleID = MTC.BatchScheduleID\nINNER JOIN\n    [operation].auditlogdetails BPTD ON MTC.MetadataControlID = BPTD.MetadataControlID\n   \nCROSS JOIN\n    [operation].[BatchProcessStatusName] BPSM\nWHERE\n    --Please check passed filters:\n    BPSM.BatchProcessStatusNameID = 20 --Status = 'End with error'\n    AND MTC.TemplateinfoID = '@{pipeline().parameters.TemplateinfoID}'\n    AND MTC.GroupLoad = '@{pipeline().parameters.GroupLoad}'\n    AND BPTD.MetadataControlID ='@{item().MetadataControlID}'\n    AND BPTD.AuditLogID = '@{pipeline().parameters.BatchProcessID}'\n    AND MTC.Active=1",
												"type": "Expression"
											},
											"queryTimeout": "02:00:00",
											"partitionOption": "None"
										},
										"dataset": {
											"referenceName": "ds_OperationAzureDB",
											"type": "DatasetReference"
										}
									}
								},
								{
									"name": "Validation Error",
									"type": "SqlServerStoredProcedure",
									"dependsOn": [
										{
											"activity": "Get parameters to directory error",
											"dependencyConditions": [
												"Succeeded"
											]
										}
									],
									"policy": {
										"timeout": "7.00:00:00",
										"retry": 0,
										"retryIntervalInSeconds": 30,
										"secureOutput": false,
										"secureInput": false
									},
									"userProperties": [],
									"typeProperties": {
										"storedProcedureName": "[[operation].[auditLog_Upsert]",
										"storedProcedureParameters": {
											"AuditLogID": {
												"value": {
													"value": "@pipeline().parameters.BatchProcessID",
													"type": "Expression"
												},
												"type": "Int32"
											},
											"AuditLogIDOutPut": {
												"value": null,
												"type": "Int32"
											},
											"BatchProcessStatusNameID": {
												"value": {
													"value": "@activity('Get parameters to directory error').output.firstRow.BatchProcessStatusNameID",
													"type": "Expression"
												},
												"type": "Int16"
											},
											"BatchScheduleID": {
												"value": null,
												"type": "Int16"
											},
											"DataRead": {
												"value": null,
												"type": "Decimal"
											},
											"DataWritten": {
												"value": null,
												"type": "Decimal"
											},
											"Errormessage": {
												"value": {
													"value": "@{item().SourceControl3} folder not exists in @{item().SourceControl2} container",
													"type": "Expression"
												},
												"type": "String"
											},
											"FilesorrowsRead": {
												"value": null,
												"type": "Int32"
											},
											"FilesorrowsWrite": {
												"value": null,
												"type": "Int32"
											},
											"InsertUpsert": {
												"value": {
													"value": "@activity('Get parameters to directory error').output.firstRow.InsertUpsert",
													"type": "Expression"
												},
												"type": "Int16"
											},
											"MetadataControlID": {
												"value": {
													"value": "@activity('Get parameters to directory error').output.firstRow.MetaDataControlID",
													"type": "Expression"
												},
												"type": "Int32"
											},
											"pipelineName": {
												"value": null,
												"type": "String"
											},
											"pipelineRunId": {
												"value": null,
												"type": "String"
											},
											"RowsWritten": {
												"value": null,
												"type": "Int32"
											},
											"TableGroupNumber": {
												"value": null,
												"type": "Int16"
											},
											"Throughput": {
												"value": null,
												"type": "Decimal"
											},
											"triggerId": {
												"value": null,
												"type": "String"
											},
											"TriggerName": {
												"value": null,
												"type": "String"
											},
											"triggerType": {
												"value": null,
												"type": "String"
											}
										}
									},
									"linkedServiceName": {
										"referenceName": "[parameters('ls_OperationAzureDB')]",
										"type": "LinkedServiceReference",
										"parameters": {
											"LS_DBServerName": "ave-sea-dev-sql-data-001.database.windows.net",
											"LS_DBName": "ave-sea-dev-sqldb-data-001"
										}
									}
								},
								{
									"name": "Get folders to validate",
									"type": "GetMetadata",
									"dependsOn": [],
									"policy": {
										"timeout": "7.00:00:00",
										"retry": 0,
										"retryIntervalInSeconds": 30,
										"secureOutput": false,
										"secureInput": false
									},
									"userProperties": [],
									"typeProperties": {
										"dataset": {
											"referenceName": "ds_ADL2_GenericDataSet_binary",
											"type": "DatasetReference",
											"parameters": {
												"SecretName": "SecretName",
												"StorageAccount": {
													"value": "@item().SourceControl1",
													"type": "Expression"
												},
												"ContainerName": "@item().SourceControl2",
												"FolderName": {
													"value": "@item().SourceControl3",
													"type": "Expression"
												},
												"FileName": "FileName",
												"KeyVaultURI": "KeyVaultURI"
											}
										},
										"fieldList": [
											"childItems"
										],
										"storeSettings": {
											"type": "AzureBlobFSReadSettings",
											"recursive": true,
											"enablePartitionDiscovery": false
										},
										"formatSettings": {
											"type": "BinaryReadSettings"
										}
									}
								},
								{
									"name": "Get parameters to start log",
									"type": "Lookup",
									"dependsOn": [
										{
											"activity": "Get folders to validate",
											"dependencyConditions": [
												"Succeeded"
											]
										}
									],
									"policy": {
										"timeout": "7.00:00:00",
										"retry": 0,
										"retryIntervalInSeconds": 30,
										"secureOutput": false,
										"secureInput": false
									},
									"userProperties": [],
									"typeProperties": {
										"source": {
											"type": "AzureSqlSource",
											"sqlReaderQuery": {
												"value": "SELECT\n    2 AS InsertUpsert,\n    NULL AS BatchProcessID,\n    MTC.TemplateinfoID,\n \n    MTC.BatchScheduleID,\n    BPSM.BatchProcessStatusNameID,\n  \n    MTC.TableGroupNumber,\n    MTC.GroupLoad,\n    MTC.MetadataControlID\nFROM\n\t\n\n\t[operation].[BatchSchedule] BS\nINNER JOIN\n\t[operation].[MetadataTableControl] MTC ON BS.BatchScheduleID = MTC.BatchScheduleID\nINNER JOIN\n    [operation].auditlogdetails BPTD ON MTC.MetadataControlID = BPTD.MetadataControlID\n   \nCROSS JOIN\n    [operation].[BatchProcessStatusName] BPSM\nWHERE\n    --Please check passed filters:\n    BPSM.BatchProcessStatusNameID = 10 --Status = 'Process running'\n    AND MTC.TemplateinfoID = '@{pipeline().parameters.TemplateinfoID}'\n    AND MTC.GroupLoad = '@{pipeline().parameters.GroupLoad}'\n    AND BPTD.MetadataControlID ='@{item().MetadataControlID}'\n    AND BPTD.AuditLogID = '@{pipeline().parameters.BatchProcessID}'\n    ",
												"type": "Expression"
											},
											"queryTimeout": "02:00:00",
											"partitionOption": "None"
										},
										"dataset": {
											"referenceName": "ds_OperationAzureDB",
											"type": "DatasetReference"
										}
									}
								},
								{
									"name": "Log start",
									"type": "SqlServerStoredProcedure",
									"dependsOn": [
										{
											"activity": "Get parameters to start log",
											"dependencyConditions": [
												"Succeeded"
											]
										}
									],
									"policy": {
										"timeout": "7.00:00:00",
										"retry": 0,
										"retryIntervalInSeconds": 30,
										"secureOutput": false,
										"secureInput": false
									},
									"userProperties": [],
									"typeProperties": {
										"storedProcedureName": "[[operation].[auditLog_Upsert]",
										"storedProcedureParameters": {
											"AuditLogID": {
												"value": {
													"value": "@pipeline().parameters.BatchProcessID",
													"type": "Expression"
												},
												"type": "Int32"
											},
											"AuditLogIDOutPut": {
												"value": null,
												"type": "Int32"
											},
											"BatchProcessStatusNameID": {
												"value": {
													"value": "@{activity('Get parameters to start log').output.firstRow.BatchProcessStatusNameID}",
													"type": "Expression"
												},
												"type": "Int16"
											},
											"BatchScheduleID": {
												"value": {
													"value": "@{activity('Get parameters to start log').output.firstRow.BatchScheduleID}",
													"type": "Expression"
												},
												"type": "Int16"
											},
											"DataRead": {
												"value": null,
												"type": "Decimal"
											},
											"DataWritten": {
												"value": null,
												"type": "Decimal"
											},
											"Errormessage": {
												"value": null,
												"type": "String"
											},
											"FilesorrowsRead": {
												"value": null,
												"type": "Int32"
											},
											"FilesorrowsWrite": {
												"value": null,
												"type": "Int32"
											},
											"InsertUpsert": {
												"value": {
													"value": "@{activity('Get parameters to start log').output.firstRow.InsertUpsert}",
													"type": "Expression"
												},
												"type": "Int16"
											},
											"MetadataControlID": {
												"value": {
													"value": "@{activity('Get parameters to start log').output.firstRow.MetaDataControlID}\n",
													"type": "Expression"
												},
												"type": "Int32"
											},
											"pipelineName": {
												"value": null,
												"type": "String"
											},
											"pipelineRunId": {
												"value": null,
												"type": "String"
											},
											"RowsWritten": {
												"value": null,
												"type": "Int32"
											},
											"TableGroupNumber": {
												"value": {
													"value": "@{activity('Get parameters to start log').output.firstRow.TableGroupNumber}\n",
													"type": "Expression"
												},
												"type": "Int16"
											},
											"Throughput": {
												"value": null,
												"type": "Decimal"
											},
											"triggerId": {
												"value": null,
												"type": "String"
											},
											"TriggerName": {
												"value": null,
												"type": "String"
											},
											"triggerType": {
												"value": null,
												"type": "String"
											}
										}
									},
									"linkedServiceName": {
										"referenceName": "[parameters('ls_OperationAzureDB')]",
										"type": "LinkedServiceReference"
									}
								},
								{
									"name": "Ingest records into ADL2",
									"type": "Copy",
									"dependsOn": [
										{
											"activity": "Log start",
											"dependencyConditions": [
												"Succeeded"
											]
										}
									],
									"policy": {
										"timeout": "7.00:00:00",
										"retry": 0,
										"retryIntervalInSeconds": 30,
										"secureOutput": false,
										"secureInput": false
									},
									"userProperties": [],
									"typeProperties": {
										"source": {
											"type": "BinarySource",
											"storeSettings": {
												"type": "AzureBlobFSReadSettings",
												"recursive": true,
												"wildcardFolderPath": {
													"value": "@item().SourceControl3",
													"type": "Expression"
												},
												"wildcardFileName": {
													"value": "@item().SourceControl4",
													"type": "Expression"
												},
												"deleteFilesAfterCompletion": false
											},
											"formatSettings": {
												"type": "BinaryReadSettings"
											}
										},
										"sink": {
											"type": "BinarySink",
											"storeSettings": {
												"type": "AzureBlobFSWriteSettings"
											}
										},
										"enableStaging": false,
										"dataIntegrationUnits": 64
									},
									"inputs": [
										{
											"referenceName": "ds_ADL2_GenericDataSet_binary",
											"type": "DatasetReference",
											"parameters": {
												"SecretName": {
													"value": "@item().SourceKeyVaultSecretName",
													"type": "Expression"
												},
												"StorageAccount": {
													"value": "@item().SourceControl1",
													"type": "Expression"
												},
												"ContainerName": {
													"value": "@item().SourceControl2",
													"type": "Expression"
												},
												"FolderName": "FolderName",
												"FileName": "FileName",
												"KeyVaultURI": {
													"value": "@item().SourceKeyVaultURI",
													"type": "Expression"
												}
											}
										}
									],
									"outputs": [
										{
											"referenceName": "ds_ADL2_GenericDataSet_binary",
											"type": "DatasetReference",
											"parameters": {
												"SecretName": {
													"value": "@item().DestinationKeyVaultSecretName",
													"type": "Expression"
												},
												"StorageAccount": {
													"value": "@item().DestinationControl1",
													"type": "Expression"
												},
												"ContainerName": {
													"value": "@item().DestinationControl2",
													"type": "Expression"
												},
												"FolderName": {
													"value": "@{concat(\nitem().DestinationControl3,'/',\nitem().DateParam\n)}",
													"type": "Expression"
												},
												"FileName": "FileName",
												"KeyVaultURI": {
													"value": "@item().DestinationKeyVaultURI",
													"type": "Expression"
												}
											}
										}
									]
								},
								{
									"name": "Get parameters to end log",
									"type": "Lookup",
									"dependsOn": [
										{
											"activity": "Ingest records into ADL2",
											"dependencyConditions": [
												"Succeeded"
											]
										}
									],
									"policy": {
										"timeout": "7.00:00:00",
										"retry": 0,
										"retryIntervalInSeconds": 30,
										"secureOutput": false,
										"secureInput": false
									},
									"userProperties": [],
									"typeProperties": {
										"source": {
											"type": "AzureSqlSource",
											"sqlReaderQuery": {
												"value": "SELECT\n    2 AS InsertUpsert,\n    NULL AS BatchProcessID,\n    MTC.TemplateinfoID,\n \n    MTC.BatchScheduleID,\n    BPSM.BatchProcessStatusNameID,\n  \n    MTC.TableGroupNumber,\n    MTC.GroupLoad,\n    MTC.MetadataControlID\nFROM\n\t\n\n\t[operation].[BatchSchedule] BS\nINNER JOIN\n\t[operation].[MetadataTableControl] MTC ON BS.BatchScheduleID = MTC.BatchScheduleID\nINNER JOIN\n    [operation].auditlogdetails BPTD ON MTC.MetadataControlID = BPTD.MetadataControlID\n   \nCROSS JOIN\n    [operation].[BatchProcessStatusName] BPSM\nWHERE\n    --Please check passed filters:\n    BPSM.BatchProcessStatusNameID = 40 --\"End with success\"\n    AND MTC.TemplateinfoID = '@{pipeline().parameters.TemplateinfoID}'\n    AND MTC.GroupLoad = '@{pipeline().parameters.GroupLoad}'\n    AND BPTD.MetadataControlID ='@{item().MetadataControlID}'\n    AND BPTD.AuditLogID = '@{pipeline().parameters.BatchProcessID}'\n    ",
												"type": "Expression"
											},
											"queryTimeout": "02:00:00",
											"partitionOption": "None"
										},
										"dataset": {
											"referenceName": "ds_OperationAzureDB",
											"type": "DatasetReference"
										}
									}
								},
								{
									"name": "Log end",
									"type": "SqlServerStoredProcedure",
									"dependsOn": [
										{
											"activity": "Get parameters to end log",
											"dependencyConditions": [
												"Succeeded"
											]
										}
									],
									"policy": {
										"timeout": "7.00:00:00",
										"retry": 0,
										"retryIntervalInSeconds": 30,
										"secureOutput": false,
										"secureInput": false
									},
									"userProperties": [],
									"typeProperties": {
										"storedProcedureName": "[[operation].[auditLog_Upsert]",
										"storedProcedureParameters": {
											"AuditLogID": {
												"value": {
													"value": "@pipeline().parameters.BatchProcessID",
													"type": "Expression"
												},
												"type": "Int32"
											},
											"AuditLogIDOutPut": {
												"value": null,
												"type": "Int32"
											},
											"BatchProcessStatusNameID": {
												"value": {
													"value": "@{activity('Get parameters to end log').output.firstRow.BatchProcessStatusNameID}\n",
													"type": "Expression"
												},
												"type": "Int16"
											},
											"BatchScheduleID": {
												"value": {
													"value": "@{activity('Get parameters to end log').output.firstRow.BatchScheduleID}\n",
													"type": "Expression"
												},
												"type": "Int16"
											},
											"DataRead": {
												"value": {
													"value": "@activity('Ingest records into ADL2').output.DataRead",
													"type": "Expression"
												},
												"type": "Decimal"
											},
											"DataWritten": {
												"value": {
													"value": "@activity('Ingest records into ADL2').output.DataWritten",
													"type": "Expression"
												},
												"type": "Decimal"
											},
											"Errormessage": {
												"value": null,
												"type": "String"
											},
											"FilesorrowsRead": {
												"value": {
													"value": "@activity('Ingest records into ADL2').output.filesRead",
													"type": "Expression"
												},
												"type": "Int32"
											},
											"FilesorrowsWrite": {
												"value": {
													"value": "@activity('Ingest records into ADL2').output.filesWritten\n",
													"type": "Expression"
												},
												"type": "Int32"
											},
											"InsertUpsert": {
												"value": {
													"value": "@{activity('Get parameters to end log').output.firstRow.InsertUpsert}",
													"type": "Expression"
												},
												"type": "Int16"
											},
											"MetadataControlID": {
												"value": {
													"value": "@{activity('Get parameters to end log').output.firstRow.MetaDataControlID}\n",
													"type": "Expression"
												},
												"type": "Int32"
											},
											"pipelineName": {
												"value": null,
												"type": "String"
											},
											"pipelineRunId": {
												"value": null,
												"type": "String"
											},
											"RowsWritten": {
												"value": {
													"value": "@activity('Ingest records into ADL2').output.filesWritten",
													"type": "Expression"
												},
												"type": "Int32"
											},
											"TableGroupNumber": {
												"value": {
													"value": "@{activity('Get parameters to end log').output.firstRow.TableGroupNumber}",
													"type": "Expression"
												},
												"type": "Int16"
											},
											"Throughput": {
												"value": {
													"value": "@activity('Ingest records into ADL2').output.Throughput",
													"type": "Expression"
												},
												"type": "Decimal"
											},
											"triggerId": {
												"value": null,
												"type": "String"
											},
											"TriggerName": {
												"value": null,
												"type": "String"
											},
											"triggerType": {
												"value": null,
												"type": "String"
											}
										}
									},
									"linkedServiceName": {
										"referenceName": "[parameters('ls_OperationAzureDB')]",
										"type": "LinkedServiceReference"
									}
								},
								{
									"name": "Get parameters to log error",
									"type": "Lookup",
									"dependsOn": [
										{
											"activity": "Ingest records into ADL2",
											"dependencyConditions": [
												"Failed"
											]
										}
									],
									"policy": {
										"timeout": "7.00:00:00",
										"retry": 0,
										"retryIntervalInSeconds": 30,
										"secureOutput": false,
										"secureInput": false
									},
									"userProperties": [],
									"typeProperties": {
										"source": {
											"type": "AzureSqlSource",
											"sqlReaderQuery": {
												"value": "SELECT\n    2 AS InsertUpsert,\n    NULL AS BatchProcessID,\n    MTC.TemplateinfoID,\n \n    MTC.BatchScheduleID,\n    BPSM.BatchProcessStatusNameID,\n  \n    MTC.TableGroupNumber,\n    MTC.GroupLoad,\n    MTC.MetadataControlID\nFROM\n\t\n\n\t[operation].[BatchSchedule] BS\nINNER JOIN\n\t[operation].[MetadataTableControl] MTC ON BS.BatchScheduleID = MTC.BatchScheduleID\nINNER JOIN\n    [operation].auditlogdetails BPTD ON MTC.MetadataControlID = BPTD.MetadataControlID\n   \nCROSS JOIN\n    [operation].[BatchProcessStatusName] BPSM\nWHERE\n    --Please check passed filters:\n    BPSM.BatchProcessStatusNameID = 20 --\"End with error\"\n    AND MTC.TemplateinfoID = '@{pipeline().parameters.TemplateinfoID}'\n    AND MTC.GroupLoad = '@{pipeline().parameters.GroupLoad}'\n    AND BPTD.MetadataControlID ='@{item().MetadataControlID}'\n    AND BPTD.AuditLogID = '@{pipeline().parameters.BatchProcessID}'\n    ",
												"type": "Expression"
											},
											"queryTimeout": "02:00:00",
											"partitionOption": "None"
										},
										"dataset": {
											"referenceName": "ds_OperationAzureDB",
											"type": "DatasetReference"
										}
									}
								},
								{
									"name": "Log error",
									"type": "SqlServerStoredProcedure",
									"dependsOn": [
										{
											"activity": "Get parameters to log error",
											"dependencyConditions": [
												"Succeeded"
											]
										}
									],
									"policy": {
										"timeout": "7.00:00:00",
										"retry": 0,
										"retryIntervalInSeconds": 30,
										"secureOutput": false,
										"secureInput": false
									},
									"userProperties": [],
									"typeProperties": {
										"storedProcedureName": "[[operation].[auditLog_Upsert]",
										"storedProcedureParameters": {
											"AuditLogID": {
												"value": {
													"value": "@pipeline().parameters.BatchProcessID",
													"type": "Expression"
												},
												"type": "Int32"
											},
											"AuditLogIDOutPut": {
												"value": null,
												"type": "Int32"
											},
											"BatchProcessStatusNameID": {
												"value": {
													"value": "@{activity('Get parameters to log error').output.firstRow.BatchProcessStatusNameID}",
													"type": "Expression"
												},
												"type": "Int16"
											},
											"BatchScheduleID": {
												"value": {
													"value": "@{activity('Get parameters to log error').output.firstRow.BatchScheduleID}",
													"type": "Expression"
												},
												"type": "Int16"
											},
											"DataRead": {
												"value": null,
												"type": "Decimal"
											},
											"DataWritten": {
												"value": null,
												"type": "Decimal"
											},
											"Errormessage": {
												"value": {
													"value": "@activity('Ingest records into ADL2').output.errors[0].Message\n",
													"type": "Expression"
												},
												"type": "String"
											},
											"FilesorrowsRead": {
												"value": null,
												"type": "Int32"
											},
											"FilesorrowsWrite": {
												"value": null,
												"type": "Int32"
											},
											"InsertUpsert": {
												"value": {
													"value": "@{activity('Get parameters to log error').output.firstRow.InsertUpsert}",
													"type": "Expression"
												},
												"type": "Int16"
											},
											"MetadataControlID": {
												"value": {
													"value": "@{activity('Get parameters to log error').output.firstRow.MetaDataControlID}",
													"type": "Expression"
												},
												"type": "Int32"
											},
											"pipelineName": {
												"value": null,
												"type": "String"
											},
											"pipelineRunId": {
												"value": null,
												"type": "String"
											},
											"RowsWritten": {
												"value": null,
												"type": "Int32"
											},
											"TableGroupNumber": {
												"value": null,
												"type": "Int16"
											},
											"Throughput": {
												"value": null,
												"type": "Decimal"
											},
											"triggerId": {
												"value": null,
												"type": "String"
											},
											"TriggerName": {
												"value": null,
												"type": "String"
											},
											"triggerType": {
												"value": null,
												"type": "String"
											}
										}
									},
									"linkedServiceName": {
										"referenceName": "[parameters('ls_OperationAzureDB')]",
										"type": "LinkedServiceReference"
									}
								}
							]
						}
					}
				],
				"parameters": {
					"BatchProcessID": {
						"type": "int",
						"defaultValue": 0
					},
					"SecretName": {
						"type": "string",
						"defaultValue": "SecretName"
					},
					"ScheduleName": {
						"type": "string",
						"defaultValue": "ScheduleName"
					},
					"TemplateInfoID": {
						"type": "int",
						"defaultValue": 0
					},
					"GroupLoad": {
						"type": "string",
						"defaultValue": "GroupLoad"
					}
				},
				"variables": {
					"filename": {
						"type": "String"
					}
				},
				"folder": {
					"name": "Pipeline Templates/Source Data Lake"
				},
				"annotations": [],
				"lastPublishTime": "2022-07-29T09:20:36Z"
			},
			"dependsOn": [
				"[concat(variables('workspaceId'), '/datasets/ds_OperationAzureDB')]",
				"[concat(variables('workspaceId'), '/datasets/ds_ADL2_GenericDataSet_binary')]"
			]
		},
		{
			"name": "[concat(parameters('workspaceName'), '/ds_OperationAzureDB')]",
			"type": "Microsoft.Synapse/workspaces/datasets",
			"apiVersion": "2019-06-01-preview",
			"properties": {
				"linkedServiceName": {
					"referenceName": "[parameters('ls_OperationAzureDB')]",
					"type": "LinkedServiceReference",
					"parameters": {
						"LS_DBServerName": "ave-sea-dev-sql-data-001.database.windows.net",
						"LS_DBName": "ave-sea-dev-sqldb-data-001"
					}
				},
				"folder": {
					"name": "Datasets Templates"
				},
				"annotations": [],
				"type": "AzureSqlTable",
				"schema": []
			},
			"dependsOn": []
		},
		{
			"name": "[concat(parameters('workspaceName'), '/ds_ADL2_GenericDataSet_binary')]",
			"type": "Microsoft.Synapse/workspaces/datasets",
			"apiVersion": "2019-06-01-preview",
			"properties": {
				"linkedServiceName": {
					"referenceName": "[parameters('ls_GenericADL2')]",
					"type": "LinkedServiceReference",
					"parameters": {
						"LS_StorageAccount": {
							"value": "@dataset().StorageAccount",
							"type": "Expression"
						}
					}
				},
				"parameters": {
					"SecretName": {
						"type": "string",
						"defaultValue": "SecretName"
					},
					"StorageAccount": {
						"type": "string",
						"defaultValue": "StorageAccount"
					},
					"ContainerName": {
						"type": "string",
						"defaultValue": "ContainerName"
					},
					"FolderName": {
						"type": "string",
						"defaultValue": "FolderName"
					},
					"FileName": {
						"type": "string",
						"defaultValue": "FileName"
					},
					"KeyVaultURI": {
						"type": "string",
						"defaultValue": "KeyVaultURI"
					}
				},
				"folder": {
					"name": "Datasets Templates"
				},
				"annotations": [],
				"type": "Binary",
				"typeProperties": {
					"location": {
						"type": "AzureBlobFSLocation",
						"folderPath": {
							"value": "@dataset().FolderName",
							"type": "Expression"
						},
						"fileSystem": {
							"value": "@dataset().ContainerName",
							"type": "Expression"
						}
					}
				}
			},
			"dependsOn": []
		},
		{
			"name": "[concat(parameters('workspaceName'), '/default')]",
			"type": "Microsoft.Synapse/workspaces/managedVirtualNetworks",
			"apiVersion": "2019-06-01-preview",
			"dependsOn": []
		}
	]
}