{
    "analyzers": {
        "core": {
            "enabled": true,
            "rules": {
                "adminusername-should-not-be-literal": {
                    "level": "error"
                },
                "no-hardcoded-env-urls": {
                    "level": "off"
                },
                "no-unused-params": {
                    "level": "error"
                },
                "no-unused-vars": {
                    "level": "error"
                },
                "prefer-interpolation": {
                    "level": "warning"
                },
                "secure-parameter-default": {
                    "level": "error"
                },
                "simplify-interpolation": {
                    "level": "warning"
                },
                "prefer-unquoted-property-names":{
                    "level": "off"
                },
                "explicit-values-for-loc-params":{
                    "level": "off"
                }
            }
        }
    }
}