{
	"name": "Dailyat1amUTCplus8",
	"properties": {
		"description": " This Triger will run daily at 1:00 AM UTC+8 (Singapore/Hongkong Time)",
		"annotations": [],
		"runtimeState": "Stopped",
		"pipelines": [
			{
				"pipelineReference": {
					"referenceName": "Start Batch Process",
					"type": "PipelineReference"
				},
				"parameters": {
					"ScheduleName": "Dailyat1amUTCplus8"
				}
			}
		],
		"type": "ScheduleTrigger",
		"typeProperties": {
			"recurrence": {
				"frequency": "Day",
				"interval": 1,
				"startTime": "2022-07-06T06:27:00",
				"timeZone": "Singapore Standard Time",
				"schedule": {
					"minutes": [
						0
					],
					"hours": [
						1
					]
				}
			}
		}
	}
}