{
	"name": "oneveryMonthlyfirst-at1 am",
	"properties": {
		"description": "the trigger will run monthly on 1st at 1:00 AM UTC+8 (Singapore Time)\n",
		"annotations": [],
		"runtimeState": "Stopped",
		"pipelines": [
			{
				"pipelineReference": {
					"referenceName": "Start Batch Process",
					"type": "PipelineReference"
				},
				"parameters": {
					"ScheduleName": "oneveryMonthlyfirst-at1 am"
				}
			}
		],
		"type": "ScheduleTrigger",
		"typeProperties": {
			"recurrence": {
				"frequency": "Month",
				"interval": 1,
				"startTime": "2022-07-06T06:34:00Z",
				"timeZone": "UTC",
				"schedule": {
					"minutes": [
						0
					],
					"hours": [
						1
					],
					"monthDays": [
						1
					]
				}
			}
		}
	}
}