{
	"name": "trg_sourceOnboarding",
	"properties": {
		"annotations": [],
		"runtimeState": "Stopped",
		"pipelines": [
			{
				"pipelineReference": {
					"referenceName": "Start OnBoarding Process",
					"type": "PipelineReference"
				},
				"parameters": {
					"PL_StorageAccountName": "aveseadevstdata002"
				}
			}
		],
		"type": "BlobEventsTrigger",
		"typeProperties": {
			"blobPathBeginsWith": "/raw/blobs/framework/Sample_of_SourceOnBoarding",
			"blobPathEndsWith": ".xlsx",
			"ignoreEmptyBlobs": true,
			"scope": "/subscriptions/1c252438-c2c0-4055-b5ed-6157cf1befaf/resourceGroups/ave-sea-dev-arg-data-001/providers/Microsoft.Storage/storageAccounts/aveseadevstdata002",
			"events": [
				"Microsoft.Storage.BlobCreated"
			]
		}
	}
}