{
	"name": "trgPauseSQLPool",
	"properties": {
		"annotations": [],
		"runtimeState": "Started",
		"pipelines": [
			{
				"pipelineReference": {
					"referenceName": "PipelinePauseResumeSQLPool",
					"type": "PipelineReference"
				},
				"parameters": {
					"Action": "Pause"
				}
			}
		],
		"type": "ScheduleTrigger",
		"typeProperties": {
			"recurrence": {
				"frequency": "Day",
				"interval": 1,
				"startTime": "2022-10-04T20:29:00",
				"timeZone": "Eastern Standard Time",
				"schedule": {
					"minutes": [
						0
					],
					"hours": [
						0,
						1,
						2,
						3,
						4,
						5,
						6,
						21,
						22,
						23
					]
				}
			}
		}
	}
}