{
	"name": "trgResumeSQLPool",
	"properties": {
		"annotations": [],
		"runtimeState": "Started",
		"pipelines": [
			{
				"pipelineReference": {
					"referenceName": "PipelinePauseResumeSQLPool",
					"type": "PipelineReference"
				},
				"parameters": {
					"Action": "Resume"
				}
			}
		],
		"type": "ScheduleTrigger",
		"typeProperties": {
			"recurrence": {
				"frequency": "Day",
				"interval": 1,
				"startTime": "2022-10-04T20:30:00",
				"timeZone": "Eastern Standard Time",
				"schedule": {
					"minutes": [
						0
					],
					"hours": [
						9
					]
				}
			}
		}
	}
}