{
	"name": "WeeklyonSundayat1am",
	"properties": {
		"description": "This trigger will run every Sunday at 2:00 AM UTC+8 (Singapore/Hongkong Time)",
		"annotations": [],
		"runtimeState": "Stopped",
		"pipelines": [
			{
				"pipelineReference": {
					"referenceName": "Start Batch Process",
					"type": "PipelineReference"
				},
				"parameters": {
					"ScheduleName": "WeeklyonSundayat1am"
				}
			}
		],
		"type": "ScheduleTrigger",
		"typeProperties": {
			"recurrence": {
				"frequency": "Week",
				"interval": 1,
				"startTime": "2022-07-06T06:30:00",
				"timeZone": "Singapore Standard Time",
				"schedule": {
					"minutes": [
						0
					],
					"hours": [
						1
					],
					"weekDays": [
						"Sunday"
					]
				}
			}
		}
	}
}