{
    "$schema": "https://schema.management.azure.com/schemas/2019-04-01/deploymentParameters.json#",
    "contentVersion": "1.0.0.0",
    "parameters": {
        "name": {
            "value": "<<namePrefix>>-az-fwpol-x-002"
        },
        "ruleCollectionGroups": {
            "value": [
                {
                    "name": "<<namePrefix>>-rule-001",
                    "priority": 5000,
                    "ruleCollections": [
                        {
                            "name": "collection002",
                            "priority": 5555,
                            "action": {
                                "type": "Allow"
                            },
                            "rules": [
                                {
                                    "name": "rule002",
                                    "ipProtocols": [
                                        "TCP",
                                        "UDP"
                                    ],
                                    "destinationPorts": [
                                        "80"
                                    ],
                                    "sourceAddresses": [
                                        "*"
                                    ],
                                    "sourceIpGroups": [],
                                    "ruleType": "NetworkRule",
                                    "destinationIpGroups": [],
                                    "destinationAddresses": [
                                        "*"
                                    ],
                                    "destinationFqdns": []
                                }
                            ],
                            "ruleCollectionType": "FirewallPolicyFilterRuleCollection"
                        }
                    ]
                }
            ]
        }
    }
}
