{
  "$schema": "https://schema.management.azure.com/schemas/2019-04-01/deploymentParameters.json#",
  "contentVersion": "1.0.0.0",
  "parameters": {
    "resourceLocation": {
      "value": "southeastasia"
    },
    "resourcelocationShort": {
      "value": "sea"
    },
    "environment": {
      "value": "<from-Pipeline-parameters>"
    },
    "resourcegroups": {
      "value": [
        {
          "rgType" : "mgmt_network",
          "instanceNumber": "001"
        },
        {
          "rgType" : "logs",
          "instanceNumber": "001"
        },
        {
          "rgType" : "management",
          "instanceNumber": "001"
        },
        {
          "rgType" : "rsv",
          "instanceNumber": "001"
        }
      ]
    },
    "tags": {
      "value": {
        "BusinessUnit": "hospital",
        "Env": "core",
        "SolutionName" : "",
        "Owner": "Kandan Jayaraj  K.Jayaraj@mitsui.com",
        "Secondary": "christian cote christian.cote@avehealth.co"
      }
    }
  }
}