{
	"name": "ls_GenericAnonymousHTTP",
	"type": "Microsoft.Synapse/workspaces/linkedservices",
	"properties": {
		"parameters": {
			"BaseURL": {
				"type": "string"
			}
		},
		"annotations": [],
		"type": "HttpServer",
		"typeProperties": {
			"url": "@{linkedService().BaseURL}",
			"enableServerCertificateValidation": true,
			"authenticationType": "Anonymous"
		},
		"connectVia": {
			"referenceName": "AutoResolveIntegrationRuntime",
			"type": "IntegrationRuntimeReference"
		}
	}
}