{
	"name": "ls_OperationAzureDB",
	"type": "Microsoft.Synapse/workspaces/linkedservices",
	"properties": {
		"parameters": {
			"LS_DBServerName": {
				"type": "string",
				"defaultValue": "ave-sea-dev-sql-data-001.database.windows.net"
			},
			"LS_DBName": {
				"type": "string",
				"defaultValue": "ave-sea-dev-sqldb-data-001"
			}
		},
		"annotations": [],
		"type": "AzureSqlDatabase",
		"typeProperties": {
			"connectionString": "Integrated Security=False;Encrypt=True;Connection Timeout=30;Data Source=@{linkedService().LS_DBServerName};Initial Catalog=@{linkedService().LS_DBName}"
		},
		"connectVia": {
			"referenceName": "AutoResolveIntegrationRuntime",
			"type": "IntegrationRuntimeReference"
		}
	}
}