{
  "$schema": "https://schema.management.azure.com/schemas/2019-04-01/deploymentParameters.json#",
  "contentVersion": "1.0.0.0",
  "parameters": {
    "resourceLocation": {
      "value": "southeastasia"
    },
    "resourcelocationShort": {
      "value": "sea"
    },
    "environment": {
      "value": "<from-Pipeline-parameters>"
    },
    "subscriptionTypeShort": {
      "value": "auto"
    },
    "InstanceNumber": {
      "value": "001"
    },
    "KvParams": {
      "value": [
        {
          "name": "aveseacorauto001",
          "privateEndpoints": [
            {
              "service": "vault",
              "privateDnsZoneGroup": [
                {
                  "name": "privatelink-vaultcore-azure-net",
                  "privateDNSResourceIds": [
                    "/subscriptions/edd625a7-b2c6-4e36-b706-fe7325edcedf/resourceGroups/ave-sea-cor-arg-pdnsz-001/providers/Microsoft.Network/privateDnsZones/privatelink.vaultcore.azure.net"
                  ]
                }
              ],
              "subnetResourceId": "/subscriptions/2808e1bb-5b83-45b2-aee5-46f6e8731040/resourceGroups/ave-sea-cor-arg-auto_network-001/providers/Microsoft.Network/virtualNetworks/ave-sea-cor-vnet-001/subnets/AzurePrivateEndpoint"
            }
          ]
        }
      ]
    },
    "virtualNetworks": {
      "value": [
        {
          "name": "vnet",
          "addressPrefixes": [
            "10.166.10.0/24"
          ],
          "subnets": [
            {
              "name": "ave-sea-cor-sub-automation",
              "addressPrefix": "10.166.10.0/25",
              "serviceEndpoints": [
                {
                  "service": "Microsoft.Storage",
                  "locations": [
                      "southeastasia"
                  ]
                }
              ]
            },
            {
              "name": "AzurePrivateEndpoint",
              "addressPrefix": "10.166.10.128/27"
            }
          ],
          "dnsServers": [
            "10.166.8.164",
            "10.166.8.165",
            "168.63.129.16"
          ],
          "virtualNetworkPeerings": [
            {
              "name": "automation-vnet-hubvnet-peering",
              "remotePeeringName": "hubvnet-automation-vnet-peering",
              "remoteVirtualNetworkId": "/subscriptions/a62d709a-dbbf-463e-abb1-7b9c15ac50d1/resourceGroups/ave-sea-cor-arg-network-001/providers/Microsoft.Network/virtualNetworks/ave-sea-cor-vnet-001",
              "allowForwardedTraffic": true,
              "allowGatewayTransit": false,
              "useRemoteGateways": false,
              "allowVirtualNetworkAccess": true,
              "remotePeeringEnabled": true,
              "remotePeeringAllowForwardedTraffic": true,
              "remotePeeringAllowGatewayTransit": false,
              "remotePeeringUseRemoteGateways": false,
              "remotePeeringAllowVirtualNetworkAccess": true
            }
          ]
        }
      ]
    },
    "vhubId":{
      "value": "/subscriptions/a62d709a-dbbf-463e-abb1-7b9c15ac50d1/resourceGroups/ave-sea-cor-arg-vwan-001/providers/Microsoft.Network/virtualHubs/ave-sea-cor-vhub-001"
    },
    "nsgParams": {
      "value": [
        {
          "name": "ave-sea-cor-sub-automation-nsg",
          "securityRules": [],
          "subnetName": "ave-sea-cor-sub-automation"
        },
        {
          "name": "AzurePrivateEndpoint-nsg",
          "securityRules": [],
          "subnetName": "AzurePrivateEndpoint"
        }
      ]
    },
    "routeTableParams": {
      "value": [
        {
          "name": "ave-sea-cor-sub-automation-rt",
          "routes": [],
          "disableBgpRoutePropagation": false
        },
        {
          "name": "AzurePrivateEndpoint-rt",
          "routes": [],
          "disableBgpRoutePropagation": false
        }
      ]
    },
    "rsvParams": {
      "value": [
        {
          "InstanceNumber": "005",
          "backupConfig": {
            "storageModelType": "ZoneRedundant",
            "storageType": "ZoneRedundant"
          },
          "backupPolicies": [
            {
              "name": "ave-sea-cor-rsv-Daily-Schedule-005",
              "properties": {
                "backupManagementType": "AzureIaasVM",
                "policyType": "V2",
                "schedulePolicy": {
                  "schedulePolicyType": "SimpleSchedulePolicyV2",
                  "scheduleRunFrequency": "Daily",
                  "dailySchedule": {
                    "scheduleRunTimes": [
                      "2022-07-06T23:00:00Z"
                    ]
                  }
                },
                "retentionPolicy": {
                  "retentionPolicyType": "LongTermRetentionPolicy",
                  "dailySchedule": {
                    "retentionTimes": [
                      "2022-07-06T23:00:00Z"
                    ],
                    "retentionDuration": {
                      "count": 30,
                      "durationType": "Days"
                    }
                  }
                },
                "instantRpRetentionRangeInDays": 2,
                "timeZone": "Singapore Standard Time"
              }
            }
          ],
          "backupStorageConfig": {
            "storageModelType": "ZoneRedundant",
            "crossRegionRestoreFlag": false
          }
        }
      ]
    },
    "SelfHostedAgentVmParams": {
      "value": {
        "vmSize": "Standard_DC2s_v3",
        "adminUsername": "superuser",
        "adminPassword": "Password123123$!",
        "availabilityZone": 1,
        "osType": "Windows",
        "extensionMonitoringAgentConfig": {
          "enabled": true
        },
        "extensionDependencyAgentConfig": {
          "enabled": true
        },
        "enableAADLoginWindows": {
          "enabled": false
        },
        "enableAutomaticUpdates": false,
        "nicConfigurations": [
          {
            "nicSuffix": "-nic-001",
            "ipConfigurations": [
              {
                "name": "ipconfig1",
                "privateIPAllocationMethod": "Dynamic"
              }
            ]
          }
        ],
        "osDisk": {
          "sku": "Premium_LRS",
          "diskSizeGB": 128,
          "managedDisk": {
            "storageAccountType": "StandardSSD_LRS"
          },
          "caching": "ReadWrite"
        },
        "dataDisks": [],
        "imageReference": {
          "publisher": "microsoftwindowsdesktop",
          "offer": "windows-11",
          "sku": "win11-21h2-pro",
          "version": "latest"
        }
      }
    },
    "tags": {
      "value": {
        "BusinessUnit": "hospital",
        "Env": "core",
        "SolutionName": "",
        "Owner": "Kandan Jayaraj  K.Jayaraj@mitsui.com",
        "Secondary": "christian cote christian.cote@avehealth.co"
      }
    }
  }
}