{
  "$schema": "https://schema.management.azure.com/schemas/2019-04-01/deploymentParameters.json#",
  "contentVersion": "1.0.0.0",
  "parameters": {
    "resourceLocation": {
      "value": "southeastasia"
    },
    "resourcelocationShort": {
      "value": "sea"
    },
    "environment": {
      "value": "<from-Pipeline-parameters>"
    },
    "subscriptionTypeShort": {
      "value": "id"
    },
    "InstanceNumber": {
      "value": "001"
    },
    "KvParams": {
      "value": [
        {
          "name": "aveseacorid001",
          "privateEndpoints": [
            {
              "service": "vault",
              "privateDnsZoneGroup": [
                {
                  "name": "privatelink-vaultcore-azure-net",
                  "privateDNSResourceIds": [
                    "/subscriptions/edd625a7-b2c6-4e36-b706-fe7325edcedf/resourceGroups/ave-sea-cor-arg-pdnsz-001/providers/Microsoft.Network/privateDnsZones/privatelink.vaultcore.azure.net"
                  ]
                }
              ],
              "subnetResourceId": "/subscriptions/edd625a7-b2c6-4e36-b706-fe7325edcedf/resourceGroups/ave-sea-cor-arg-id_network-001/providers/Microsoft.Network/virtualNetworks/ave-sea-cor-vnet-001/subnets/AzurePrivateEndpoint"
            }
          ]
        }
      ]
    },
    "virtualNetworks": {
      "value": [
        {
          "name": "vnet",
          "addressPrefixes": [
            "10.166.8.0/24"
          ],
          "subnets": [
            {
              "name": "ave-sea-cor-sub-identity",
              "addressPrefix": "10.166.8.0/25"
            },
            {
              "name": "AzurePrivateEndpoint",
              "addressPrefix": "10.166.8.128/27"
            },
            {
              "name": "sub-iaas",
              "addressPrefix": "10.166.8.160/28"
            }
          ],
          "dnsServers": [
            "10.166.8.164",
            "10.166.8.165",
            "168.63.129.16"
          ],
          "virtualNetworkPeerings": [
            {
              "name": "identity-vnet-hubvnet-peering",
              "remotePeeringName": "hubvnet-identity-vnet-peering",
              "remoteVirtualNetworkId": "/subscriptions/a62d709a-dbbf-463e-abb1-7b9c15ac50d1/resourceGroups/ave-sea-cor-arg-network-001/providers/Microsoft.Network/virtualNetworks/ave-sea-cor-vnet-001",
              "allowForwardedTraffic": true,
              "allowGatewayTransit": false,
              "useRemoteGateways": false,
              "allowVirtualNetworkAccess": true,
              "remotePeeringEnabled": true,
              "remotePeeringAllowForwardedTraffic": true,
              "remotePeeringAllowGatewayTransit": false,
              "remotePeeringUseRemoteGateways": false,
              "remotePeeringAllowVirtualNetworkAccess": true
            }
          ]
        }
      ]
    },
    "vhubId":{
      "value": "/subscriptions/a62d709a-dbbf-463e-abb1-7b9c15ac50d1/resourceGroups/ave-sea-cor-arg-vwan-001/providers/Microsoft.Network/virtualHubs/ave-sea-cor-vhub-001"
    },
    "nsgParams": {
      "value": [
        {
          "name": "ave-sea-cor-sub-identity-nsg",
          "securityRules": [],
          "subnetName": "ave-sea-cor-sub-identity"
        },
        {
          "name": "AzurePrivateEndpoint-nsg",
          "securityRules": [],
          "subnetName": "AzurePrivateEndpoint"
        },
        {
          "name": "sub-iaas-nsg",
          "securityRules": [],
          "subnetName": "sub-iaas"
        }
      ]
    },
    "routeTableParams": {
      "value": [
        {
          "name": "ave-sea-cor-sub-identity-rt",
          "routes": [],
          "disableBgpRoutePropagation": false
        },
        {
          "name": "AzurePrivateEndpoint-rt",
          "routes": [],
          "disableBgpRoutePropagation": false
        },
        {
          "name": "sub-iaas-rt",
          "routes": [],
          "disableBgpRoutePropagation": false
        }
      ]
    },
    "rsvParams": {
      "value": [
        {
          "InstanceNumber": "002",
          "backupConfig": {
            "storageModelType": "ZoneRedundant",
            "storageType": "ZoneRedundant"
          },
          "backupPolicies": [
            {
              "name": "ave-sea-cor-rsv-Daily-Schedule-002",
              "properties": {
                "backupManagementType": "AzureIaasVM",
                "policyType": "V2",
                "schedulePolicy": {
                  "schedulePolicyType": "SimpleSchedulePolicyV2",
                  "scheduleRunFrequency": "Daily",
                  "dailySchedule": {
                    "scheduleRunTimes": [
                      "2022-07-06T23:00:00Z"
                    ]
                  }
                },
                "retentionPolicy": {
                  "retentionPolicyType": "LongTermRetentionPolicy",
                  "dailySchedule": {
                    "retentionTimes": [
                      "2022-07-06T23:00:00Z"
                    ],
                    "retentionDuration": {
                      "count": 30,
                      "durationType": "Days"
                    }
                  }
                },
                "instantRpRetentionRangeInDays": 2,
                "timeZone": "Singapore Standard Time"
              }
            }
          ],
          "backupStorageConfig": {
            "storageModelType": "ZoneRedundant",
            "crossRegionRestoreFlag": false
          }
        }
      ]
    },
    "numberOfDnsVirtualMachines": {
      "value": 2
    },
    "dnsVmParams": {
      "value": {
        "vmSize": "Standard_DC2s_v3",
        "adminUsername": "superuser",
        "adminPassword": "Password12!",
        "availabilityZone": 3,
        "osType": "Windows",
        "extensionMonitoringAgentConfig": {
          "enabled": true
        },
        "extensionDependencyAgentConfig": {
          "enabled": true
        },
        "enableAutomaticUpdates": false,
        "nicConfigurations": [
          {
            "nicSuffix": "-nic-001",
            "ipConfigurations": [
              {
                "name": "ipconfig1",
                "privateIPAllocationMethod": "Dynamic"
              }
            ]
          }
        ],
        "osDisk": {
          "sku": "Premium_LRS",
          "diskSizeGB": 128,
          "managedDisk": {
            "storageAccountType": "StandardSSD_LRS"
          },
          "caching": "ReadWrite"
        },
        "dataDisks": [],
        //     {
        //       "diskSizeGB": 128,
        //       "sku": "Premium_LRS",
        //       "deleteOption": "Delete",
        //       "managedDisk":{
        //         "storageAccountType": "Premium_LRS"
        //       },
        //       "caching": "ReadOnly",
        //       "createOption": "Attach"
        //     }
        //   ],
        "imageReference": {
          "publisher": "MicrosoftWindowsServer",
          "offer": "WindowsServer",
          "sku": "2019-Datacenter-gensecond",
          "version": "latest"
        }
      }
    },
    "deployPrivateDNSZones": {
      "value": true
    },
    "tags": {
      "value": {
        "BusinessUnit": "hospital",
        "Env": "core",
        "SolutionName": "",
        "Owner": "Kandan Jayaraj  K.Jayaraj@mitsui.com",
        "Secondary": "christian cote christian.cote@avehealth.co"
      }
    }
  }
}