{
  "$schema": "https://schema.management.azure.com/schemas/2019-04-01/deploymentParameters.json#",
  "contentVersion": "1.0.0.0",
  "parameters": {
    "resourceLocation": {
      "value": "southeastasia"
    },
    "resourcelocationShort": {
      "value": "sea"
    },
    "environment": {
      "value": "<from-Pipeline-parameters>"
    },
    "subscriptionTypeShort" : {
      "value": "sec"
    },
    "InstanceNumber": {
      "value": "001"
    },
    "KvParams": {
      "value": [
        {
          "name": "aveseacorsec001",
          "privateEndpoints": [
            {
              "service": "vault",
              "privateDnsZoneGroup": [
                {
                  "name": "privatelink-vaultcore-azure-net",
                  "privateDNSResourceIds": [
                    "/subscriptions/edd625a7-b2c6-4e36-b706-fe7325edcedf/resourceGroups/ave-sea-cor-arg-pdnsz-001/providers/Microsoft.Network/privateDnsZones/privatelink.vaultcore.azure.net"
                  ]
                }
              ],
              "subnetResourceId": "/subscriptions/e1aef8a8-7083-4c51-917f-96b7f6c1c331/resourceGroups/ave-sea-cor-arg-sec_network-001/providers/Microsoft.Network/virtualNetworks/ave-sea-cor-vnet-001/subnets/AzurePrivateEndpoint"
            }
          ]
        }
      ]
    },
    
    "virtualNetworks": {
      "value": [
        {
          "name": "vnet",
          "addressPrefixes": [
            "10.166.11.0/24"
          ],
          "subnets": [
            {
              "name": "ave-usw2-cor-sub-sec",
              "addressPrefix": "10.166.11.0/25"
            },
            {
              "name": "AzurePrivateEndpoint",
              "addressPrefix": "10.166.11.128/27"
            }
          ],
          "dnsServers": [
            "10.166.8.164",
            "10.166.8.165",
            "168.63.129.16"
          ],
          "virtualNetworkPeerings": [
            {
              "name": "security-vnet-hubvnet-peering",
              "remotePeeringName": "hubvnet-security-vnet-peering",
              "remoteVirtualNetworkId": "/subscriptions/a62d709a-dbbf-463e-abb1-7b9c15ac50d1/resourceGroups/ave-sea-cor-arg-network-001/providers/Microsoft.Network/virtualNetworks/ave-sea-cor-vnet-001",
              "allowForwardedTraffic": true,
              "allowGatewayTransit": false,
              "useRemoteGateways": false,
              "allowVirtualNetworkAccess": true,
              "remotePeeringEnabled": true,
              "remotePeeringAllowForwardedTraffic": true,
              "remotePeeringAllowGatewayTransit": false,
              "remotePeeringUseRemoteGateways": false,
              "remotePeeringAllowVirtualNetworkAccess": true
            }
          ]
        }
      ]
    },
    "vhubId":{
      "value": "/subscriptions/a62d709a-dbbf-463e-abb1-7b9c15ac50d1/resourceGroups/ave-sea-cor-arg-vwan-001/providers/Microsoft.Network/virtualHubs/ave-sea-cor-vhub-001"
    },
    "nsgParams": {
      "value": [
        {
          "name": "ave-usw2-cor-sub-sec-nsg",
          "securityRules": [],
          "attachNSGtoSubnet": true,
          "subnetName": "ave-usw2-cor-sub-sec"
        },
        {
          "name": "AzurePrivateEndpoint-nsg",
          "securityRules": [],
          "attachNSGtoSubnet": true,
          "subnetName": "AzurePrivateEndpoint"
        }
      ]
    },
    "routeTableParams":{
      "value": [
        {
          "name": "ave-usw2-cor-sub-sec-rt",
          "routes": [],
          "disableBgpRoutePropagation" : false
        },
        {
          "name": "AzurePrivateEndpoint-rt",
          "routes": [],
          "disableBgpRoutePropagation" : false
        }
      ]
    },
    "logAnalyticsWorkspaces": {
      "value": [
          {
              "name" : "prd-seclog-001",
              "retentionindays": 30,
              "serviceTier": "PerGB2018"
          },
          {
              "name" : "npe-seclog-001",
              "retentionindays": 30,
              "serviceTier": "PerGB2018"
          }
      ]
    },
    "rsvParams":{
      "value": [
        {
          "InstanceNumber": "004",
          "backupConfig": {
            "storageModelType": "ZoneRedundant",
            "storageType": "ZoneRedundant"
          },
          "backupPolicies":[
            {
              "name": "ave-sea-cor-rsv-Daily-Schedule-004",
              "properties": {
                "backupManagementType": "AzureIaasVM",
                "policyType": "V2",
                "schedulePolicy": {
                    "schedulePolicyType": "SimpleSchedulePolicyV2",
                    "scheduleRunFrequency": "Daily",
                    "dailySchedule": {
                      "scheduleRunTimes": [
                          "2022-07-06T23:00:00Z"
                      ]
                  }
                },
                "retentionPolicy": {
                  "retentionPolicyType": "LongTermRetentionPolicy",
                  "dailySchedule": {
                      "retentionTimes": [
                          "2022-07-06T23:00:00Z"
                      ],
                      "retentionDuration": {
                          "count": 30,
                          "durationType": "Days"
                      }
                  }
                },
                "instantRpRetentionRangeInDays": 2,
                "timeZone": "Singapore Standard Time"
              }
            }
          ],
          "backupStorageConfig": {
            "storageModelType": "ZoneRedundant",
            "crossRegionRestoreFlag": false
          }
        }
      ]
    },
    "tags": {
      "value": {
        "BusinessUnit": "hospital",
        "Env": "core",
        "SolutionName" : "",
        "Owner": "Kandan Jayaraj  K.Jayaraj@mitsui.com",
        "Secondary": "christian cote christian.cote@avehealth.co"
      }
    }
  }
}