{
  "$schema": "https://schema.management.azure.com/schemas/2019-04-01/deploymentParameters.json#",
  "contentVersion": "1.0.0.0",
  "parameters": {
    "resourceLocation": {
      "value": "southeastasia"
    },
    "resourcelocationShort": {
      "value": "sea"
    },
    "environment": {
      "value": "<from-Pipeline-parameters>"
    },
    "subscriptionTypeShort": {
      "value": "qa"
    },
    "InstanceNumber": {
      "value": "001"
    },
    "KvParams": {
      "value": [
        {
          "name": "aveseaqa001"
        }
      ]
    },
    "virtualNetworks": {
      "value": [
        {
          "name": "vnet",
          "addressPrefixes": [
            "10.166.20.0/22"
          ],
          "subnets": [
            {
              "name": "sub-paas",
              "addressPrefix": "10.166.20.0/24"
            },
            {
              "name": "sub-iaas",
              "addressPrefix": "10.166.21.0/24"
            },
            {
              "name": "AzurePrivateEndpoint",
              "addressPrefix": "10.166.22.0/26"
            },
            {
              "name": "DataBricksHost-Subnet",
              "addressPrefix": "10.166.23.0/25",
              "delegations": [
                {
                  "name": "MicrosoftDatabricksworkspaces",
                  "properties": {
                    "serviceName": "Microsoft.Databricks/workspaces"
                  }
                }
              ],
              "networkSecurityGroupId": "dummy"
            },
            {
              "name": "DataBricksContainer-Subnet",
              "addressPrefix": "10.166.23.128/25",
              "delegations": [
                {
                  "name": "MicrosoftDatabricksworkspaces",
                  "properties": {
                    "serviceName": "Microsoft.Databricks/workspaces"
                  }
                }
              ],
              "networkSecurityGroupId": "dummy"
            }
          ],
          "dnsServers": [
            "10.166.8.164",
            "10.166.8.165",
            "168.63.129.16"
          ],
          "virtualNetworkPeerings": [
            {
              "name": "qa-vnet-hubvnet-peering",
              "remotePeeringName": "hubvnet-qa-vnet-peering",
              "remoteVirtualNetworkId": "/subscriptions/a62d709a-dbbf-463e-abb1-7b9c15ac50d1/resourceGroups/ave-sea-cor-arg-network-001/providers/Microsoft.Network/virtualNetworks/ave-sea-cor-vnet-001",
              "allowForwardedTraffic": true,
              "allowGatewayTransit": false,
              "useRemoteGateways": false,
              "allowVirtualNetworkAccess": true,
              "remotePeeringEnabled": true,
              "remotePeeringAllowForwardedTraffic": true,
              "remotePeeringAllowGatewayTransit": false,
              "remotePeeringUseRemoteGateways": false,
              "remotePeeringAllowVirtualNetworkAccess": true
            }
          ]
        },
        {
          "name": "aks-vnet",
          "addressPrefixes": [
            "10.166.36.0/22"
          ],
          "subnets": [
            {
              "name": "sub-immuta",
              "addressPrefix": "10.166.36.0/23"
            },
            {
              "name": "sub-samurai",
              "addressPrefix": "10.166.38.0/23"
            }
          ],
          "dnsServers": [
            "10.166.8.164",
            "10.166.8.165",
            "168.63.129.16"
          ],
          "virtualNetworkPeerings": [
            {
              "name": "qa-aks-vnet-hubvnet-peering",
              "remotePeeringName": "hubvnet-qa-aks-vnet-peering",
              "remoteVirtualNetworkId": "/subscriptions/a62d709a-dbbf-463e-abb1-7b9c15ac50d1/resourceGroups/ave-sea-cor-arg-network-001/providers/Microsoft.Network/virtualNetworks/ave-sea-cor-vnet-001",
              "allowForwardedTraffic": true,
              "allowGatewayTransit": false,
              "useRemoteGateways": false,
              "allowVirtualNetworkAccess": true,
              "remotePeeringEnabled": true,
              "remotePeeringAllowForwardedTraffic": true,
              "remotePeeringAllowGatewayTransit": false,
              "remotePeeringUseRemoteGateways": false,
              "remotePeeringAllowVirtualNetworkAccess": true
            }
          ]
        }
      ]
    },
    "nsgParams": {
      "value": [
        {
          "name": "sub-paas-nsg",
          "securityRules": [],
          "subnetName": "sub-paas"
        },
        {
          "name": "sub-iaas-nsg",
          "securityRules": [],
          "subnetName": "sub-iaas"
        },
        {
          "name": "AzurePrivateEndpoint-nsg",
          "securityRules": [],
          "subnetName": "AzurePrivateEndpoint"
        },
        {
          "name": "sub-immuta-nsg",
          "securityRules": [],
          "subnetName": "sub-immuta"
        },
        {
          "name": "sub-samurai-nsg",
          "securityRules": [],
          "subnetName": "sub-samurai"
        },
        {
          "name": "DataBricksHost-Subnet-nsg",
          "securityRules": [
            {
              "name": "Microsoft.Databricks-workspaces_UseOnly_databricks-worker-to-worker-inbound",
              "properties": {
                "description": "Required for worker nodes communication within a cluster.",
                "protocol": "*",
                "sourcePortRange": "*",
                "destinationPortRange": "*",
                "sourceAddressPrefix": "VirtualNetwork",
                "destinationAddressPrefix": "VirtualNetwork",
                "access": "Allow",
                "priority": 100,
                "direction": "Inbound",
                "sourcePortRanges": [],
                "destinationPortRanges": [],
                "sourceAddressPrefixes": [],
                "destinationAddressPrefixes": []
              }
            },
            {
              "name": "Microsoft.Databricks-workspaces_UseOnly_databricks-worker-to-databricks-webapp",
              "properties": {
                "description": "Required for workers communication with Databricks Webapp.",
                "protocol": "Tcp",
                "sourcePortRange": "*",
                "destinationPortRange": "443",
                "sourceAddressPrefix": "VirtualNetwork",
                "destinationAddressPrefix": "AzureDatabricks",
                "access": "Allow",
                "priority": 100,
                "direction": "Outbound",
                "sourcePortRanges": [],
                "destinationPortRanges": [],
                "sourceAddressPrefixes": [],
                "destinationAddressPrefixes": []
              }
            },
            {
              "name": "Microsoft.Databricks-workspaces_UseOnly_databricks-worker-to-sql",
              "properties": {
                "description": "Required for workers communication with Azure SQL services.",
                "protocol": "Tcp",
                "sourcePortRange": "*",
                "destinationPortRange": "3306",
                "sourceAddressPrefix": "VirtualNetwork",
                "destinationAddressPrefix": "Sql",
                "access": "Allow",
                "priority": 101,
                "direction": "Outbound",
                "sourcePortRanges": [],
                "destinationPortRanges": [],
                "sourceAddressPrefixes": [],
                "destinationAddressPrefixes": []
              }
            },
            {
              "name": "Microsoft.Databricks-workspaces_UseOnly_databricks-worker-to-storage",
              "properties": {
                "description": "Required for workers communication with Azure Storage services.",
                "protocol": "Tcp",
                "sourcePortRange": "*",
                "destinationPortRange": "443",
                "sourceAddressPrefix": "VirtualNetwork",
                "destinationAddressPrefix": "Storage",
                "access": "Allow",
                "priority": 102,
                "direction": "Outbound",
                "sourcePortRanges": [],
                "destinationPortRanges": [],
                "sourceAddressPrefixes": [],
                "destinationAddressPrefixes": []
              }
            },
            {
              "name": "Microsoft.Databricks-workspaces_UseOnly_databricks-worker-to-worker-outbound",
              "properties": {
                "description": "Required for worker nodes communication within a cluster.",
                "protocol": "*",
                "sourcePortRange": "*",
                "destinationPortRange": "*",
                "sourceAddressPrefix": "VirtualNetwork",
                "destinationAddressPrefix": "VirtualNetwork",
                "access": "Allow",
                "priority": 103,
                "direction": "Outbound",
                "sourcePortRanges": [],
                "destinationPortRanges": [],
                "sourceAddressPrefixes": [],
                "destinationAddressPrefixes": []
              }
            },
            {
              "name": "Microsoft.Databricks-workspaces_UseOnly_databricks-worker-to-eventhub",
              "properties": {
                "description": "Required for worker communication with Azure Eventhub services.",
                "protocol": "Tcp",
                "sourcePortRange": "*",
                "destinationPortRange": "9093",
                "sourceAddressPrefix": "VirtualNetwork",
                "destinationAddressPrefix": "EventHub",
                "access": "Allow",
                "priority": 104,
                "direction": "Outbound",
                "sourcePortRanges": [],
                "destinationPortRanges": [],
                "sourceAddressPrefixes": [],
                "destinationAddressPrefixes": []
              }
            }
          ],
          "subnetName": "DataBricksHost-Subnet"
        },
        {
          "name": "DataBricksContainer-Subnet-nsg",
          "securityRules": [
            {
              "name": "Microsoft.Databricks-workspaces_UseOnly_databricks-worker-to-worker-inbound",
              "properties": {
                "description": "Required for worker nodes communication within a cluster.",
                "protocol": "*",
                "sourcePortRange": "*",
                "destinationPortRange": "*",
                "sourceAddressPrefix": "VirtualNetwork",
                "destinationAddressPrefix": "VirtualNetwork",
                "access": "Allow",
                "priority": 100,
                "direction": "Inbound",
                "sourcePortRanges": [],
                "destinationPortRanges": [],
                "sourceAddressPrefixes": [],
                "destinationAddressPrefixes": []
              }
            },
            {
              "name": "Microsoft.Databricks-workspaces_UseOnly_databricks-worker-to-databricks-webapp",
              "properties": {
                "description": "Required for workers communication with Databricks Webapp.",
                "protocol": "Tcp",
                "sourcePortRange": "*",
                "destinationPortRange": "443",
                "sourceAddressPrefix": "VirtualNetwork",
                "destinationAddressPrefix": "AzureDatabricks",
                "access": "Allow",
                "priority": 100,
                "direction": "Outbound",
                "sourcePortRanges": [],
                "destinationPortRanges": [],
                "sourceAddressPrefixes": [],
                "destinationAddressPrefixes": []
              }
            },
            {
              "name": "Microsoft.Databricks-workspaces_UseOnly_databricks-worker-to-sql",
              "properties": {
                "description": "Required for workers communication with Azure SQL services.",
                "protocol": "Tcp",
                "sourcePortRange": "*",
                "destinationPortRange": "3306",
                "sourceAddressPrefix": "VirtualNetwork",
                "destinationAddressPrefix": "Sql",
                "access": "Allow",
                "priority": 101,
                "direction": "Outbound",
                "sourcePortRanges": [],
                "destinationPortRanges": [],
                "sourceAddressPrefixes": [],
                "destinationAddressPrefixes": []
              }
            },
            {
              "name": "Microsoft.Databricks-workspaces_UseOnly_databricks-worker-to-storage",
              "properties": {
                "description": "Required for workers communication with Azure Storage services.",
                "protocol": "Tcp",
                "sourcePortRange": "*",
                "destinationPortRange": "443",
                "sourceAddressPrefix": "VirtualNetwork",
                "destinationAddressPrefix": "Storage",
                "access": "Allow",
                "priority": 102,
                "direction": "Outbound",
                "sourcePortRanges": [],
                "destinationPortRanges": [],
                "sourceAddressPrefixes": [],
                "destinationAddressPrefixes": []
              }
            },
            {
              "name": "Microsoft.Databricks-workspaces_UseOnly_databricks-worker-to-worker-outbound",
              "properties": {
                "description": "Required for worker nodes communication within a cluster.",
                "protocol": "*",
                "sourcePortRange": "*",
                "destinationPortRange": "*",
                "sourceAddressPrefix": "VirtualNetwork",
                "destinationAddressPrefix": "VirtualNetwork",
                "access": "Allow",
                "priority": 103,
                "direction": "Outbound",
                "sourcePortRanges": [],
                "destinationPortRanges": [],
                "sourceAddressPrefixes": [],
                "destinationAddressPrefixes": []
              }
            },
            {
              "name": "Microsoft.Databricks-workspaces_UseOnly_databricks-worker-to-eventhub",
              "properties": {
                "description": "Required for worker communication with Azure Eventhub services.",
                "protocol": "Tcp",
                "sourcePortRange": "*",
                "destinationPortRange": "9093",
                "sourceAddressPrefix": "VirtualNetwork",
                "destinationAddressPrefix": "EventHub",
                "access": "Allow",
                "priority": 104,
                "direction": "Outbound",
                "sourcePortRanges": [],
                "destinationPortRanges": [],
                "sourceAddressPrefixes": [],
                "destinationAddressPrefixes": []
              }
            }
          ],
          "subnetName": "DataBricksContainer-Subnet"
        }
      ]
    },
    "routeTableParams": {
      "value": [
        {
          "name": "sub-paas-rt",
          "routes": [],
          "disableBgpRoutePropagation": false
        },
        {
          "name": "sub-iaas-rt",
          "routes": [],
          "disableBgpRoutePropagation": false
        },
        {
          "name": "AzurePrivateEndpoint-rt",
          "routes": [],
          "disableBgpRoutePropagation": false
        },
        {
          "name": "DataBricksHost-Subnet-rt",
          "routes": [],
          "disableBgpRoutePropagation": false
        },
        {
          "name": "DataBricksContainer-Subnet-rt",
          "routes": [],
          "disableBgpRoutePropagation": false
        },
        {
          "name": "sub-immuta-rt",
          "routes": [],
          "disableBgpRoutePropagation": false
        },
        {
          "name": "sub-samurai-rt",
          "routes": [],
          "disableBgpRoutePropagation": false
        }
      ]
    },
    "rsvParams": {
      "value": [
        {
          "InstanceNumber": "001",
          "backupConfig": {
            "storageModelType": "ZoneRedundant",
            "storageType": "ZoneRedundant"
          },
          "backupPolicies": [
            {
              "name": "ave-sea-qa-rsv-Weekly-Schedule-001",
              "properties": {
                "backupManagementType": "AzureIaasVM",
                "policyType": "V2",
                "schedulePolicy": {
                  "schedulePolicyType": "SimpleSchedulePolicyV2",
                  "scheduleRunFrequency": "Weekly",
                  "weeklySchedule": {
                    "scheduleRunDays": [
                      "Friday"
                    ],
                    "scheduleRunTimes": [
                      "2022-07-07T23:00:00Z"
                    ]
                  }
                },
                "retentionPolicy": {
                  "retentionPolicyType": "LongTermRetentionPolicy",
                  "weeklySchedule": {
                    "daysOfTheWeek": [
                      "Friday"
                    ],
                    "retentionTimes": [
                      "2022-07-07T23:00:00Z"
                    ],
                    "retentionDuration": {
                      "count": 4,
                      "durationType": "Weeks"
                    }
                  }
                },
                "instantRpRetentionRangeInDays": 5,
                "timeZone": "Singapore Standard Time"
              }
            }
          ],
          "backupStorageConfig": {
            "storageModelType": "ZoneRedundant",
            "crossRegionRestoreFlag": false
          }
        }
      ]
    },
    "deployDataServices": {
      "value": true
    },
    "assignRoles": {
      "value": false
    },
    "storageAccountParams": {
      "value": [
        {
          "name": "data001",
          "rgName": "ave-sea-qa-arg-data-001",
          "storageAccountKind": "StorageV2",
          "storageAccountSku": "Standard_LRS",
          "enableHierarchicalNamespace": true,
          "networkAcls": {
            "bypass": "AzureServices",
            "virtualNetworkRules": [
              {
                "id": "/subscriptions/2808e1bb-5b83-45b2-aee5-46f6e8731040/resourceGroups/ave-sea-cor-arg-auto_network-001/providers/Microsoft.Network/virtualNetworks/ave-sea-cor-vnet-001/subnets/ave-sea-cor-sub-automation",
                "action": "Allow"
              }
            ],
            "ipRules": [],
            "defaultAction": "Allow"
          },
          "roleAssignments": [
            {
              "roleDefinitionIdOrName": "Storage Blob Data Contributor",
              "description": "Storage Blob Data Contributor Role Assignment",
              "principalIds": [
                "c0081a70-1d80-4621-b1b7-43bfbc12c3e1"
              ]
            }
          ],
          "publicNetworkAccess": "Enabled",
          "blobServices": {
            "containers": [
              {
                "name": "landingzone"
              }
            ]
          },
          "privateEndpoints": [
            {
              "service": "dfs",
              "privateDnsZoneGroup": [
                {
                  "name": "privatelink-dfs-core-windows-net",
                  "privateDNSResourceIds": [
                    "/subscriptions/edd625a7-b2c6-4e36-b706-fe7325edcedf/resourceGroups/ave-sea-cor-arg-pdnsz-001/providers/Microsoft.Network/privateDnsZones/privatelink.dfs.core.windows.net"
                  ]
                }
              ]
            }
          ]
        },
        {
          "name": "data002",
          "rgName": "ave-sea-qa-arg-data-001",
          "storageAccountKind": "StorageV2",
          "storageAccountSku": "Standard_LRS",
          "enableHierarchicalNamespace": true,
          "networkAcls": {
            "bypass": "AzureServices",
            "virtualNetworkRules": [
              {
                "id": "/subscriptions/2808e1bb-5b83-45b2-aee5-46f6e8731040/resourceGroups/ave-sea-cor-arg-auto_network-001/providers/Microsoft.Network/virtualNetworks/ave-sea-cor-vnet-001/subnets/ave-sea-cor-sub-automation",
                "action": "Allow"
              }
            ],
            "ipRules": [],
            "defaultAction": "Allow"
          },
          "roleAssignments": [
            {
              "roleDefinitionIdOrName": "Storage Blob Data Contributor",
              "description": "Storage Blob Data Contributor Role Assignment",
              "principalIds": [
                "c0081a70-1d80-4621-b1b7-43bfbc12c3e1"
              ]
            }
          ],
          "publicNetworkAccess": "Disabled",
          "blobServices": {
            "containers": [
              {
                "name": "raw"
              },
              {
                "name": "aveseaqasynw002fs"
              }
            ]
          },
          "privateEndpoints": [
            {
              "service": "dfs",
              "privateDnsZoneGroup": [
                {
                  "name": "privatelink-dfs-core-windows-net",
                  "privateDNSResourceIds": [
                    "/subscriptions/edd625a7-b2c6-4e36-b706-fe7325edcedf/resourceGroups/ave-sea-cor-arg-pdnsz-001/providers/Microsoft.Network/privateDnsZones/privatelink.dfs.core.windows.net"
                  ]
                }
              ]
            }
          ]
        },
        {
          "name": "sandboxdata001",
          "rgName": "ave-sea-qa-arg-data-001",
          "storageAccountKind": "StorageV2",
          "storageAccountSku": "Standard_LRS",
          "enableHierarchicalNamespace": true,
          "networkAcls": {
            "bypass": "AzureServices",
            "virtualNetworkRules": [
              {
                "id": "/subscriptions/2808e1bb-5b83-45b2-aee5-46f6e8731040/resourceGroups/ave-sea-cor-arg-auto_network-001/providers/Microsoft.Network/virtualNetworks/ave-sea-cor-vnet-001/subnets/ave-sea-cor-sub-automation",
                "action": "Allow"
              }
            ],
            "ipRules": [],
            "defaultAction": "Allow"
          },
          "publicNetworkAccess": "Disabled",
          "roleAssignments": [
            {
              "roleDefinitionIdOrName": "Storage Blob Data Contributor",
              "description": "Storage Blob Data Contributor Role Assignment",
              "principalIds": [
                "c0081a70-1d80-4621-b1b7-43bfbc12c3e1"
              ]
            }
          ],
          "blobServices": {
            "containers": [
              {
                "name": "raw"
              },
              {
                "name": "aveseaqasandboxsynw001fs"
              }
            ]
          },
          "privateEndpoints": [
            {
              "service": "dfs",
              "privateDnsZoneGroup": [
                {
                  "name": "privatelink-dfs-core-windows-net",
                  "privateDNSResourceIds": [
                    "/subscriptions/edd625a7-b2c6-4e36-b706-fe7325edcedf/resourceGroups/ave-sea-cor-arg-pdnsz-001/providers/Microsoft.Network/privateDnsZones/privatelink.dfs.core.windows.net"
                  ]
                }
              ]
            }
          ]
        }
      ]
    },
    "synapseParams": {
      "value": [
        {
          "deploymentPrefix": "data-002",
          "synapseWorkSpaceName": "data-002",
          "defaultdataLakeStorageName": "data002",
          "defaultDataLakeStorageFilesystemName": "aveseaqasynw002fs",
          "createManagedPrivateEndpoint": true,
          "publicNetworkAccess": "Enabled",
          "createAadAdmin": true,
          "administratorType": "Group",
          "adminLoginName": "DataServicesAdminGroup",
          "adminPassword": "Ave@123",
          "adminObjectID": "c0081a70-1d80-4621-b1b7-43bfbc12c3e1",
          "sqlPoolAdministratorUsername": "sqladminuser",
          "sqlPoolAdministratorPassword": "@veHealthDmp0",
          "managedVirtualNetwork": "default",
          "deployPrivateLinkHub": true,
          "synapseSqlPools": [
            {
              "sqlPoolName": "aveseaqasynwdata001sqlpool",
              "sqlPoolsku": "DW100c",
              "sqlcollation": "SQL_Latin1_General_CP1_CI_AS",
              "createMode": "Default",
              "sqlstorageAccountType": "LRS",
              "enableGeoBackup": false
            }
          ],
          "workspaceRepositoryConfiguration": {},
          "initialWorkspaceAdminObjectIdParam": "c0081a70-1d80-4621-b1b7-43bfbc12c3e1",
          "managedPrivateEndpoints": [
            {
              "name": "ave-sea-qa-synw-data-001-adls-aveseaqastdata001-managedPE",
              "privateLinkResourceId": "/subscriptions/b4b90daa-c488-4db8-a859-627fc0c1b7d7/resourceGroups/ave-sea-qa-arg-data-001/providers/Microsoft.Storage/storageAccounts/aveseaqastdata001",
              "groupId": "dfs"
            },
            {
              "name": "ave-sea-qa-synw-data-001-sqldb-ave-sea-qa-sql-data-001-managedPE",
              "privateLinkResourceId": "/subscriptions/b4b90daa-c488-4db8-a859-627fc0c1b7d7/resourceGroups/ave-sea-qa-arg-data-001/providers/Microsoft.Sql/servers/ave-sea-qa-sql-data-001",
              "groupId": "sqlServer"
            }
          ],
          "workspaceRoleAssignments": [
            {
              "users": [
                "c0081a70-1d80-4621-b1b7-43bfbc12c3e1"
              ],
              "roleName": "Synapse SQL Administrator"
            },
            {
              "users": [
                "c0081a70-1d80-4621-b1b7-43bfbc12c3e1"
              ],
              "roleName": "Synapse Administrator"
            }
          ],
          "roleAssignments": [
            {
              "roleDefinitionIdOrName": "Contributor",
              "description": "Contributor Role Assignment",
              "principalIds": [
                "c0081a70-1d80-4621-b1b7-43bfbc12c3e1"
              ]
            }
          ],
          "allowAllConnections": false,
          "allowAzureConnections": false,
          "firewallRules": [
            {
              "name": "P2S-allow",
              "startIpAddress": "10.168.30.0",
              "endIpAddress": "10.168.30.255"
            }
          ],
          "privateEndpoints": [
            {
              "service": "Sql",
              "privateDnsZoneGroup": [
                {
                  "name": "privatelink-sql-azuresynapse-net",
                  "privateDNSResourceIds": [
                    "/subscriptions/edd625a7-b2c6-4e36-b706-fe7325edcedf/resourceGroups/ave-sea-cor-arg-pdnsz-001/providers/Microsoft.Network/privateDnsZones/privatelink.sql.azuresynapse.net"
                  ]
                }
              ]
            },
            {
              "service": "SqlOnDemand",
              "privateDnsZoneGroup": [
                {
                  "name": "privatelink-sql-azuresynapse-net",
                  "privateDNSResourceIds": [
                    "/subscriptions/edd625a7-b2c6-4e36-b706-fe7325edcedf/resourceGroups/ave-sea-cor-arg-pdnsz-001/providers/Microsoft.Network/privateDnsZones/privatelink.sql.azuresynapse.net"
                  ]
                }
              ]
            },
            {
              "service": "Dev",
              "privateDnsZoneGroup": [
                {
                  "name": "privatelink-dev-azuresynapse-net",
                  "privateDNSResourceIds": [
                    "/subscriptions/edd625a7-b2c6-4e36-b706-fe7325edcedf/resourceGroups/ave-sea-cor-arg-pdnsz-001/providers/Microsoft.Network/privateDnsZones/privatelink.dev.azuresynapse.net"
                  ]
                }
              ]
            },
            {
              "service": "Web",
              "privateDnsZoneGroup": [
                {
                  "name": "privatelink-azuresynapse-net",
                  "privateDNSResourceIds": [
                    "/subscriptions/edd625a7-b2c6-4e36-b706-fe7325edcedf/resourceGroups/ave-sea-cor-arg-pdnsz-001/providers/Microsoft.Network/privateDnsZones/privatelink.azuresynapse.net"
                  ]
                }
              ]
            }
          ]
        },
        {
          "deploymentPrefix": "sandbox-data-001",
          "synapseWorkSpaceName": "sandbox-data-001",
          "defaultdataLakeStorageName": "sandboxdata001",
          "defaultDataLakeStorageFilesystemName": "aveseaqasandboxsynw001fs",
          "createManagedPrivateEndpoint": true,
          "publicNetworkAccess": "Enabled",
          "createAadAdmin": true,
          "administratorType": "Group",
          "adminLoginName": "DataServicesAdminGroup",
          "adminPassword": "Ave@123",
          "sqlPoolAdministratorUsername": "sqladminuser",
          "sqlPoolAdministratorPassword": "@veHealthDmp0",
          "adminObjectID": "c0081a70-1d80-4621-b1b7-43bfbc12c3e1",
          "managedVirtualNetwork": "default",
          "synapseSqlPools": [
            {
              "sqlPoolName": "aveseaqasynwsandboxdata001sqlpool",
              "sqlPoolsku": "DW100c",
              "sqlcollation": "SQL_Latin1_General_CP1_CI_AS",
              "createMode": "Default",
              "sqlstorageAccountType": "LRS",
              "enableGeoBackup": false
            }
          ],
          "workspaceRepositoryConfiguration": {},
          "initialWorkspaceAdminObjectIdParam": "c0081a70-1d80-4621-b1b7-43bfbc12c3e1",
          "allowAllConnections": false,
          "allowAzureConnections": false,
          "managedPrivateEndpoints": [
            {
              "name": "ave-sea-qa-synw-sandbox-data-001-adls-aveseaqastdata002-managedPE",
              "privateLinkResourceId": "/subscriptions/b4b90daa-c488-4db8-a859-627fc0c1b7d7/resourceGroups/ave-sea-qa-arg-data-001/providers/Microsoft.Storage/storageAccounts/aveseaqastdata002",
              "groupId": "dfs"
            }
          ],
          "workspaceRoleAssignments": [
            {
              "users": [
                "c0081a70-1d80-4621-b1b7-43bfbc12c3e1"
              ],
              "roleName": "Synapse SQL Administrator"
            },
            {
              "users": [
                "c0081a70-1d80-4621-b1b7-43bfbc12c3e1"
              ],
              "roleName": "Synapse Administrator"
            }
          ],
          "roleAssignments": [
            {
              "roleDefinitionIdOrName": "Contributor",
              "description": "Contributor Role Assignment",
              "principalIds": [
                "c0081a70-1d80-4621-b1b7-43bfbc12c3e1"
              ]
            }
          ],
          "firewallRules": [
            {
              "name": "P2S-allow",
              "startIpAddress": "10.168.30.0",
              "endIpAddress": "10.168.30.255"
            }
          ],
          "privateEndpoints": [
            {
              "service": "Sql",
              "privateDnsZoneGroup": [
                {
                  "name": "privatelink-sql-azuresynapse-net",
                  "privateDNSResourceIds": [
                    "/subscriptions/edd625a7-b2c6-4e36-b706-fe7325edcedf/resourceGroups/ave-sea-cor-arg-pdnsz-001/providers/Microsoft.Network/privateDnsZones/privatelink.sql.azuresynapse.net"
                  ]
                }
              ]
            },
            {
              "service": "SqlOnDemand",
              "privateDnsZoneGroup": [
                {
                  "name": "privatelink-sql-azuresynapse-net",
                  "privateDNSResourceIds": [
                    "/subscriptions/edd625a7-b2c6-4e36-b706-fe7325edcedf/resourceGroups/ave-sea-cor-arg-pdnsz-001/providers/Microsoft.Network/privateDnsZones/privatelink.sql.azuresynapse.net"
                  ]
                }
              ]
            },
            {
              "service": "Dev",
              "privateDnsZoneGroup": [
                {
                  "name": "privatelink-dev-azuresynapse-net",
                  "privateDNSResourceIds": [
                    "/subscriptions/edd625a7-b2c6-4e36-b706-fe7325edcedf/resourceGroups/ave-sea-cor-arg-pdnsz-001/providers/Microsoft.Network/privateDnsZones/privatelink.dev.azuresynapse.net"
                  ]
                }
              ]
            },
            {
              "service": "Web",
              "privateDnsZoneGroup": [
                {
                  "name": "privatelink-azuresynapse-net",
                  "privateDNSResourceIds": [
                    "/subscriptions/edd625a7-b2c6-4e36-b706-fe7325edcedf/resourceGroups/ave-sea-cor-arg-pdnsz-001/providers/Microsoft.Network/privateDnsZones/privatelink.azuresynapse.net"
                  ]
                }
              ]
            }
          ]
        }
      ]
    },
    "azureSQLServerParams": {
      "value": [
        {
          "sqlServerName": "data-001",
          "systemAssignedIdentity": true,
          "administrators": {
            "azureADOnlyAuthentication": false,
            "login": "DATA_SERVICES_TEAM",
            "sid": "c0081a70-1d80-4621-b1b7-43bfbc12c3e1",
            "principalType": "Group",
            "tenantId": "bbaf0319-e615-416f-8870-f7eacf074b66"
          },
          "administratorLogin": "sqladminuser",
          "administratorLoginPassword": "@veHealthDmp0",
          "databases": [
            {
              "name": "ave-sea-qa-sqldb-data-001",
              "collation": "SQL_Latin1_General_CP1_CI_AS",
              "createMode": "Default",
              "skuName": "Standard",
              "skuTier": "Standard",
              "skuCapacity": 100,
              "maxSizeBytes": 107374182400,
              "zoneRedundant": false,
              "readScale": "Disabled",
              "requestedBackupStorageRedundancy": "Zone"
            },
            {
              "name": "ave_sea_qa_sqldb_hivemetastore_001",
              "collation": "SQL_Latin1_General_CP1_CI_AS",
              "createMode": "Default",
              "skuName": "Standard",
              "skuTier": "Standard",
              "skuCapacity": 100,
              "maxSizeBytes": 107374182400,
              "zoneRedundant": false,
              "readScale": "Disabled",
              "requestedBackupStorageRedundancy": "Zone"
            }
          ],
          "virtualNetworkRules": [
            {
              "name": "sub-iaas-pe-VnetRule",
              "ignoreMissingVnetServiceEndpoint": true
            }
          ],
          "firewallRules": [
            {
              "name": "P2S-allow",
              "startIpAddress": "10.168.30.0",
              "endIpAddress": "10.168.30.255"
            }
          ],
          "privateEndpoints": [
            {
              "service": "sqlServer",
              "privateDnsZoneGroup": [
                {
                  "name": "privatelink-database-windows-net",
                  "privateDNSResourceIds": [
                    "/subscriptions/edd625a7-b2c6-4e36-b706-fe7325edcedf/resourceGroups/ave-sea-cor-arg-pdnsz-001/providers/Microsoft.Network/privateDnsZones/privatelink.database.windows.net"
                  ]
                }
              ]
            }
          ]
        },
        {
          "sqlServerName": "sandbox-data-001",
          "systemAssignedIdentity": true,
          "administrators": {
            "azureADOnlyAuthentication": false,
            "login": "DATA_SERVICES_TEAM",
            "sid": "c0081a70-1d80-4621-b1b7-43bfbc12c3e1",
            "principalType": "Group",
            "tenantId": "bbaf0319-e615-416f-8870-f7eacf074b66"
          },
          "administratorLogin": "sqladminuser",
          "administratorLoginPassword": "@veHealthDmp0",
          "databases": [
            {
              "name": "ave-sea-qa-sqldb-sandbox-data-001",
              "collation": "SQL_Latin1_General_CP1_CI_AS",
              "createMode": "Default",
              "skuName": "Standard",
              "skuTier": "Standard",
              "skuCapacity": 100,
              "maxSizeBytes": 107374182400,
              "zoneRedundant": false,
              "readScale": "Disabled",
              "requestedBackupStorageRedundancy": "Zone"
            }
          ],
          "firewallRules": [
            {
              "name": "P2S-allow",
              "startIpAddress": "10.168.30.0",
              "endIpAddress": "10.168.30.255"
            }
          ],
          "privateEndpoints": [
            {
              "service": "sqlServer",
              "privateDnsZoneGroup": [
                {
                  "name": "privatelink-database-windows-net",
                  "privateDNSResourceIds": [
                    "/subscriptions/edd625a7-b2c6-4e36-b706-fe7325edcedf/resourceGroups/ave-sea-cor-arg-pdnsz-001/providers/Microsoft.Network/privateDnsZones/privatelink.database.windows.net"
                  ]
                }
              ]
            }
          ]
        }
      ]
    },
    "databrickParams": {
      "value": [
        {
          "workspaceName": "data-001",
          "pricingTier": "premium",
          "publicNetworkAccess": "Disabled",
          "requiredNsgRules": "NoAzureDatabricksRules",
          "workspaceParameters": {
            "enableNoPublicIp": {
              "value": true
            },
            "customVirtualNetworkId": {
              "value": "/subscriptions/b4b90daa-c488-4db8-a859-627fc0c1b7d7/resourceGroups/ave-sea-qa-arg-qa_network-001/providers/Microsoft.Network/virtualNetworks/ave-sea-qa-vnet-001"
            },
            "customPublicSubnetName": {
              "value": "DataBricksHost-Subnet"
            },
            "customPrivateSubnetName": {
              "value": "DataBricksContainer-Subnet"
            }
          },
          "privateEndpoints": [
            {
              "service": "databricks_ui_api",
              "privateDnsZoneGroup": [
                {
                  "name": "privatelink-azuredatabricks-net",
                  "privateDNSResourceIds": [
                    "/subscriptions/edd625a7-b2c6-4e36-b706-fe7325edcedf/resourceGroups/ave-sea-cor-arg-pdnsz-001/providers/Microsoft.Network/privateDnsZones/privatelink.azuredatabricks.net"
                  ]
                }
              ]
            },
            {
              "service": "browser_authentication",
              "privateDnsZoneGroup": [
                {
                  "name": "privatelink-azuredatabricks-net",
                  "privateDNSResourceIds": [
                    "/subscriptions/edd625a7-b2c6-4e36-b706-fe7325edcedf/resourceGroups/ave-sea-cor-arg-pdnsz-001/providers/Microsoft.Network/privateDnsZones/privatelink.azuredatabricks.net"
                  ]
                }
              ]
            }
          ]
        }
      ]
    },
    "datashareParams": {
      "value": [
        {
          "name": "ave-sea-qa-datashare-001",
          "systemAssignedIdentity": true,
          "roleAssignments": [
            {
              "roleDefinitionIdOrName": "Reader",
              "description": "Reader Role Assignment",
              "principalIds": [
                "c0081a70-1d80-4621-b1b7-43bfbc12c3e1"
              ]
            }
          ]
        }
      ]
    },
    "aksClusterParams": {
      "value": [
        {
          "name": "ave-sea-qa-aks-immuta-001",
          "resourceGroupName": "ave-sea-qa-arg-immuta-001",
          "aksClusterKubernetesVersion": "1.26.6",
          "aksClusterNodeCount": 3,
          "primaryAgentPoolProfile": [
            {
              "name": "agentpool",
              "osDiskSizeGB": 128,
              "count": 2,
              "enableAutoScaling": true,
              "minCount": 2,
              "maxCount": 3,
              "vmSize": "Standard_DC2s_v3",
              "osType": "Linux",
              "storageProfile": "ManagedDisks",
              "type": "VirtualMachineScaleSets",
              "mode": "System",
              "maxPods": 110,
              "availabilityZones": [
                "3"
              ],
              "nodeTaints": [],
              "enableNodePublicIP": false,
              "tags": {},
              
              "vnetSubnetID": "/subscriptions/1c252438-c2c0-4055-b5ed-6157cf1befaf/resourceGroups/ave-sea-qa-arg-qa_network-001/providers/Microsoft.Network/virtualNetworks/ave-sea-qa-aks-vnet-001/subnets/sub-immuta"
            }
          ],
          "nodeResourceGroup": "ave-sea-qa-aks-immuta-001-managed-nodeRG",
          "aadProfileEnableAzureRBAC": true,
          "aksClusterNetworkPlugin": "azure",
          "aksClusterLoadBalancerSku": "standard",
          "managedOutboundIPCount": 0,
          "enablePrivateCluster": true,
          "enablePrivateClusterPublicFQDN": false,
          "aksClusterServiceCidr": "10.0.0.0/16",
          "aksClusterDnsServiceIP": "10.0.0.10",
          "aksClusterDockerBridgeCidr": "172.17.0.1/16",
          "aksClusterOutboundType": "loadBalancer",
          "usePrivateDNSZone": true,
          "enableKeyvaultSecretsProvider": true,
          "enableSecretRotation": "true",
          "aadProfileAdminGroupObjectIDs": [
            "c0081a70-1d80-4621-b1b7-43bfbc12c3e1"
          ],
          "authorizedIPRanges": [],
          "privateDNSZoneId": "/subscriptions/edd625a7-b2c6-4e36-b706-fe7325edcedf/resourceGroups/ave-sea-cor-arg-pdnsz-001/providers/Microsoft.Network/privateDnsZones/privatelink.southeastasia.azmk8s.io"
        },
        {
          "name": "ave-sea-qa-aks-samurai-001",
          "resourceGroupName": "ave-sea-qa-arg-samurai-001",
          "aksClusterKubernetesVersion": "1.26.6",
          "aksClusterNodeCount": 3,
          "primaryAgentPoolProfile": [
            {
              "name": "agentpool",
              "osDiskSizeGB": 128,
              "count": 3,
              "enableAutoScaling": true,
              "minCount": 2,
              "maxCount": 3,
              "vmSize": "Standard_DC2s_v3",
              "osType": "Linux",
              "storageProfile": "ManagedDisks",
              "type": "VirtualMachineScaleSets",
              "mode": "System",
              "maxPods": 110,
              "availabilityZones": [
                "3"
              ],
              "nodeTaints": [],
              "enableNodePublicIP": false,
              "tags": {},
              "vnetSubnetID": "/subscriptions/1c252438-c2c0-4055-b5ed-6157cf1befaf/resourceGroups/ave-sea-qa-arg-qa_network-001/providers/Microsoft.Network/virtualNetworks/ave-sea-qa-aks-vnet-001/subnets/sub-samurai"
            }
          ],
          "nodeResourceGroup": "ave-sea-qa-aks-samurai-001-managed-nodeRG",
          "aadProfileEnableAzureRBAC": true,
          "aksClusterNetworkPlugin": "azure",
          "aksClusterLoadBalancerSku": "standard",
          "managedOutboundIPCount": 0,
          "enablePrivateCluster": true,
          "enablePrivateClusterPublicFQDN": false,
          "aksClusterServiceCidr": "10.0.0.0/16",
          "aksClusterDnsServiceIP": "10.0.0.10",
          "aksClusterDockerBridgeCidr": "172.17.0.1/16",
          "aksClusterOutboundType": "loadBalancer",
          "usePrivateDNSZone": true,
          "enableKeyvaultSecretsProvider": true,
          "enableSecretRotation": "true",
          "aadProfileAdminGroupObjectIDs": [
            "c0081a70-1d80-4621-b1b7-43bfbc12c3e1"
          ],
          "authorizedIPRanges": [],
          "privateDNSZoneId": "/subscriptions/edd625a7-b2c6-4e36-b706-fe7325edcedf/resourceGroups/ave-sea-cor-arg-pdnsz-001/providers/Microsoft.Network/privateDnsZones/privatelink.southeastasia.azmk8s.io"
        }
      ]
    },
    "vhubId":{
      "value": "/subscriptions/a62d709a-dbbf-463e-abb1-7b9c15ac50d1/resourceGroups/ave-sea-cor-arg-vwan-001/providers/Microsoft.Network/virtualHubs/ave-sea-cor-vhub-001"
    },
    "TestVmParams": {
      "value": {
        "vmSize": "Standard_DC2s_v3",
        "adminUsername": "superuser",
        "adminPassword": "Password123123$!",
        "availabilityZone": 3,
        "osType": "Windows",
        "extensionMonitoringAgentConfig": {
          "enabled": true
        },
        "extensionDependencyAgentConfig": {
          "enabled": true
        },
        "enableAADLoginWindows": {
          "enabled": false
        },
        "enableAutomaticUpdates": false,
        "nicConfigurations": [
          {
            "nicSuffix": "-nic-001",
            "ipConfigurations": [
              {
                "name": "ipconfig1",
                "privateIPAllocationMethod": "Dynamic"
              }
            ]
          }
        ],
        "osDisk": {
          "sku": "Premium_LRS",
          "diskSizeGB": 128,
          "managedDisk": {
            "storageAccountType": "StandardSSD_LRS"
          },
          "caching": "ReadWrite"
        },
        "dataDisks": [],
        "imageReference": {
          "publisher": "microsoftwindowsdesktop",
          "offer": "windows-11",
          "sku": "win11-21h2-pro",
          "version": "latest"
        }
      }
    },
    "tags": {
      "value": {
        "BusinessUnit": "hospital",
        "Env": "QA",
        "SolutionName": "DataMine QA",
        "Owner": "Kandan Jayaraj  K.Jayaraj@mitsui.com",
        "Secondary": "christian cote christian.cote@avehealth.co"
      }
    }
  }
}