{
  "$schema": "https://schema.management.azure.com/schemas/2019-04-01/deploymentParameters.json#",
  "contentVersion": "1.0.0.0",
  "parameters": {
    "resourceLocation": {
      "value": "southeastasia"
    },
    "resourcelocationShort": {
      "value": "sea"
    },
    "environment": {
      "value": "<from-Pipeline-parameters>"
    },
    "subscriptionTypeShort" : {
      "value": "dcom"
    },
    "InstanceNumber": {
      "value": "001"
    },
    "KvParams": {
      "value": [
        {
          "name":  "aveseadcom001"
        }
      ]
    },
    "rsvParams":{
      "value": [
        {
          "InstanceNumber": "001",
          "backupConfig": {
            "storageModelType": "ZoneRedundant",
            "storageType": "ZoneRedundant"
          },
          "backupPolicies":[
            {
              "name": "ave-sea-decom-rsv-Weekly-Schedule-001",
              "properties": {
                "backupManagementType": "AzureIaasVM",
                "policyType": "V2",
                "schedulePolicy": {
                    "schedulePolicyType": "SimpleSchedulePolicyV2",
                    "scheduleRunFrequency": "Weekly",
                    "weeklySchedule": {
                      "scheduleRunDays": [
                          "Friday"
                      ],
                      "scheduleRunTimes": [
                          "2022-07-07T23:00:00Z"
                      ]
                  }
                },
                "retentionPolicy": {
                  "retentionPolicyType": "LongTermRetentionPolicy",
                  "weeklySchedule": {
                    "daysOfTheWeek": [
                        "Friday"
                    ],
                    "retentionTimes": [
                        "2022-07-07T23:00:00Z"
                    ],
                    "retentionDuration": {
                      "count": 4,
                      "durationType": "Weeks"
                  }
                  }
                },
                "instantRpRetentionRangeInDays": 5,
                "timeZone": "Singapore Standard Time"
              }
            }
          ],
          "backupStorageConfig": {
            "storageModelType": "ZoneRedundant",
            "crossRegionRestoreFlag": false
          }
        }
      ]
    }, 
    "tags": {
      "value": {
        "BusinessUnit": "hospital",
        "Env": "dcom",
        "SolutionName" : "",
        "Owner": "Kandan Jayaraj  K.Jayaraj@mitsui.com",
        "Secondary": "christian cote christian.cote@avehealth.co"
      }
    }
  }
}