{
    "$schema": "https://schema.management.azure.com/schemas/2019-04-01/deploymentParameters.json#",
    "contentVersion": "1.0.0.0",
    "parameters": {
        "name": {
            "value": "nonmsTestSolution"
        },
        "logAnalyticsWorkspaceName": {
            "value": "adp-<<namePrefix>>-az-law-sol-001"
        },
        "product": {
            "value": "nonmsTestSolutionProduct"
        },
        "publisher": {
            "value": "nonmsTestSolutionPublisher"
        }
    }
}
