{
	"name": "Generic-From ALDS2 Excel-ASQL",
	"properties": {
		"activities": [
			{
				"name": "Get records to load into ADL2",
				"type": "Lookup",
				"dependsOn": [],
				"policy": {
					"timeout": "7.00:00:00",
					"retry": 0,
					"retryIntervalInSeconds": 30,
					"secureOutput": false,
					"secureInput": false
				},
				"userProperties": [],
				"typeProperties": {
					"source": {
						"type": "AzureSqlSource",
						"sqlReaderQuery": {
							"value": "SELECT\n    MTC.*,\n    BS.ScheduleName,\n    CASE WHEN UPPER(DateFormat)=UPPER('YYYY') \nThen  FORMAT (getdate (), 'yyyy ') \nWHEN UPPER(DateFormat)=UPPER('YYYY/MM')\nThen  FORMAT (getdate (), 'yyyy/MM') \nWHEN UPPER(DateFormat)=UPPER('YYYY/mm/dd') \nThen  FORMAT (getdate (), 'yyyy/MM/dd') \nWHEN UPPER(DateFormat)=UPPER('yyyy/mm/dd/hh')\nTHEN\nFORMAT (getdate (), 'yyyy/MM/dd/hh')\nWHEN UPPER(DateFormat)=UPPER('YYYY-MM')\nThen  FORMAT (getdate (), 'yyyy/MM') \nWHEN UPPER(DateFormat)=UPPER('YYYY-mm-dd') \nThen  FORMAT (getdate (), 'yyyy/MM/dd') \n\tEND As DateParam\nFROM\n    [operation].[MetadataTableControl] MTC\nINNER JOIN\n    [operation].[BatchSchedule] BS ON MTC.BatchScheduleID = BS.BatchScheduleID\n\tINNER JOIN [operation].[TemplateInfo] TI on MTC.TemplateinfoID=TI.TemplateInfoID\nWHERE\n    MTC.TemplateinfoID = '@{pipeline().parameters.TemplateinfoID}'\n    AND MTC.GroupLoad = '@{pipeline().parameters.GroupLoad}'\n    AND MTC.Active = 1\n    AND BS.Active = 1\n\tAND TI.Active=1\n    AND BS.ScheduleName = '@{pipeline().parameters.ScheduleName}'\n\t",
							"type": "Expression"
						},
						"queryTimeout": "02:00:00",
						"partitionOption": "None"
					},
					"dataset": {
						"referenceName": "ds_OperationAzureDB",
						"type": "DatasetReference"
					},
					"firstRowOnly": false
				}
			},
			{
				"name": "Load records into ADL2",
				"type": "ForEach",
				"dependsOn": [
					{
						"activity": "Get records to load into ADL2",
						"dependencyConditions": [
							"Succeeded"
						]
					}
				],
				"userProperties": [],
				"typeProperties": {
					"items": {
						"value": "@activity('Get records to load into ADL2').output.value",
						"type": "Expression"
					},
					"isSequential": true,
					"activities": [
						{
							"name": "Get parameters to start log",
							"type": "Lookup",
							"dependsOn": [
								{
									"activity": "Get Metadata1",
									"dependencyConditions": [
										"Succeeded"
									]
								}
							],
							"policy": {
								"timeout": "7.00:00:00",
								"retry": 0,
								"retryIntervalInSeconds": 30,
								"secureOutput": false,
								"secureInput": false
							},
							"userProperties": [],
							"typeProperties": {
								"source": {
									"type": "AzureSqlSource",
									"sqlReaderQuery": {
										"value": "SELECT\n    2 AS InsertUpsert,\n    NULL AS BatchProcessID,\n    MTC.TemplateinfoID,\n \n    MTC.BatchScheduleID,\n  BPSM.BatchProcessStatusNameID,\n  \n    MTC.TableGroupNumber,\n    MTC.GroupLoad,\n    MTC.MetadataControlID\n     \nFROM\n\t\n\n\t[operation].[BatchSchedule] BS\nINNER JOIN\n\t[operation].[MetadataTableControl] MTC ON BS.BatchScheduleID = MTC.BatchScheduleID\nINNER JOIN\n    [operation].auditlogdetails BPTD ON MTC.MetadataControlID = BPTD.MetadataControlID\n   \nCROSS JOIN\n    [operation].[BatchProcessStatusName] BPSM\nWHERE\n    --Please check passed filters:\n     BPSM.BatchProcessStatusNameID = 10  --Status = 'Process running'\n    AND MTC.TemplateinfoID = '@{pipeline().parameters.TemplateinfoID}'\n    AND MTC.GroupLoad = '@{pipeline().parameters.GroupLoad}'\n    AND BPTD.MetadataControlID ='@{item().MetadataControlID}'\n    AND BPTD.AuditLogID = '@{pipeline().parameters.BatchProcessID}'\n    ",
										"type": "Expression"
									},
									"queryTimeout": "02:00:00",
									"partitionOption": "None"
								},
								"dataset": {
									"referenceName": "ds_OperationAzureDB",
									"type": "DatasetReference"
								}
							}
						},
						{
							"name": "Log Start",
							"type": "SqlServerStoredProcedure",
							"dependsOn": [
								{
									"activity": "Get parameters to start log",
									"dependencyConditions": [
										"Succeeded"
									]
								}
							],
							"policy": {
								"timeout": "7.00:00:00",
								"retry": 0,
								"retryIntervalInSeconds": 30,
								"secureOutput": false,
								"secureInput": false
							},
							"userProperties": [],
							"typeProperties": {
								"storedProcedureName": "[operation].[auditLog_Upsert]",
								"storedProcedureParameters": {
									"AuditLogID": {
										"value": {
											"value": "@pipeline().parameters.BatchProcessID",
											"type": "Expression"
										},
										"type": "Int32"
									},
									"AuditLogIDOutPut": {
										"value": null,
										"type": "Int32"
									},
									"BatchProcessStatusNameID": {
										"value": {
											"value": "@{activity('Get parameters to start log').output.firstRow.BatchProcessStatusNameID}",
											"type": "Expression"
										},
										"type": "Int16"
									},
									"BatchScheduleID": {
										"value": {
											"value": "@activity('Get parameters to start log').output.firstRow.BatchScheduleID",
											"type": "Expression"
										},
										"type": "Int16"
									},
									"DataRead": {
										"value": null,
										"type": "Decimal"
									},
									"DataWritten": {
										"value": null,
										"type": "Decimal"
									},
									"Errormessage": {
										"value": null,
										"type": "String"
									},
									"FilesorrowsRead": {
										"value": null,
										"type": "Int32"
									},
									"FilesorrowsWrite": {
										"value": null,
										"type": "Int32"
									},
									"InsertUpsert": {
										"value": {
											"value": "@activity('Get parameters to start log').output.firstRow.InsertUpsert",
											"type": "Expression"
										},
										"type": "Int16"
									},
									"MetadataControlID": {
										"value": {
											"value": "@activity('Get parameters to start log').output.firstRow.MetaDataControlID\n",
											"type": "Expression"
										},
										"type": "Int32"
									},
									"pipelineName": {
										"value": null,
										"type": "String"
									},
									"pipelineRunId": {
										"value": null,
										"type": "String"
									},
									"RowsWritten": {
										"value": null,
										"type": "Int32"
									},
									"TableGroupNumber": {
										"value": {
											"value": "@activity('Get parameters to start log').output.firstRow.TableGroupNumber\n",
											"type": "Expression"
										},
										"type": "Int16"
									},
									"Throughput": {
										"value": null,
										"type": "Decimal"
									},
									"triggerId": {
										"value": null,
										"type": "String"
									},
									"TriggerName": {
										"value": null,
										"type": "String"
									},
									"triggerType": {
										"value": null,
										"type": "String"
									}
								}
							},
							"linkedServiceName": {
								"referenceName": "ls_OperationAzureDB",
								"type": "LinkedServiceReference"
							}
						},
						{
							"name": "Ingest records into ADL2",
							"type": "Copy",
							"dependsOn": [
								{
									"activity": "Log Start",
									"dependencyConditions": [
										"Succeeded"
									]
								}
							],
							"policy": {
								"timeout": "7.00:00:00",
								"retry": 0,
								"retryIntervalInSeconds": 30,
								"secureOutput": false,
								"secureInput": false
							},
							"userProperties": [],
							"typeProperties": {
								"source": {
									"type": "ExcelSource",
									"storeSettings": {
										"type": "AzureBlobFSReadSettings",
										"recursive": true,
										"enablePartitionDiscovery": false
									}
								},
								"sink": {
									"type": "AzureSqlSink",
									"preCopyScript": {
										"value": "Truncate Table @{item().DestinationControl3}.@{item().DestinationControl4}",
										"type": "Expression"
									},
									"writeBehavior": "insert",
									"sqlWriterUseTableLock": true,
									"disableMetricsCollection": false
								},
								"enableStaging": false,
								"translator": {
									"type": "TabularTranslator",
									"typeConversion": true,
									"typeConversionSettings": {
										"allowDataTruncation": true,
										"treatBooleanAsNumber": false
									}
								}
							},
							"inputs": [
								{
									"referenceName": "ds_ADL2_GenericDataSet_Excel",
									"type": "DatasetReference",
									"parameters": {
										"SecretName": {
											"value": "@item().SourceKeyVaultSecretName",
											"type": "Expression"
										},
										"StorageAccount": {
											"value": "@item().SourceControl1",
											"type": "Expression"
										},
										"ContainerName": {
											"value": "@item().SourceControl2",
											"type": "Expression"
										},
										"FolderName": {
											"value": "@item().SourceControl3",
											"type": "Expression"
										},
										"FileName": {
											"value": "@item().SourceControl4",
											"type": "Expression"
										},
										"KeyVaultURI": {
											"value": "@item().SourceKeyVaultSecretName",
											"type": "Expression"
										},
										"SheetName": {
											"value": "@item().SourceControl5",
											"type": "Expression"
										}
									}
								}
							],
							"outputs": [
								{
									"referenceName": "ds_OperationAzureSQLDB",
									"type": "DatasetReference",
									"parameters": {
										"SchemaNme": {
											"value": "@item().DestinationControl3",
											"type": "Expression"
										},
										"TableName": {
											"value": "@item().DestinationControl4",
											"type": "Expression"
										}
									}
								}
							]
						},
						{
							"name": "Get parameters to end log",
							"type": "Lookup",
							"dependsOn": [
								{
									"activity": "Ingest records into ADL2",
									"dependencyConditions": [
										"Succeeded"
									]
								}
							],
							"policy": {
								"timeout": "7.00:00:00",
								"retry": 0,
								"retryIntervalInSeconds": 30,
								"secureOutput": false,
								"secureInput": false
							},
							"userProperties": [],
							"typeProperties": {
								"source": {
									"type": "AzureSqlSource",
									"sqlReaderQuery": {
										"value": "SELECT\n    2 AS InsertUpsert,\n    NULL AS BatchProcessID,\n    MTC.TemplateinfoID,\n \n    MTC.BatchScheduleID,\n    BPSM.BatchProcessStatusNameID,\n  \n    MTC.TableGroupNumber,\n    MTC.GroupLoad,\n    MTC.MetadataControlID\nFROM\n\t\n\n\t[operation].[BatchSchedule] BS\nINNER JOIN\n\t[operation].[MetadataTableControl] MTC ON BS.BatchScheduleID = MTC.BatchScheduleID\nINNER JOIN\n    [operation].auditlogdetails BPTD ON MTC.MetadataControlID = BPTD.MetadataControlID\n   \nCROSS JOIN\n    [operation].[BatchProcessStatusName] BPSM\nWHERE\n    --Please check passed filters:\n    BPSM.BatchProcessStatusNameID = 40 --\"End with success\"\n    AND MTC.TemplateinfoID = '@{pipeline().parameters.TemplateinfoID}'\n    AND MTC.GroupLoad = '@{pipeline().parameters.GroupLoad}'\n    AND BPTD.MetadataControlID ='@{item().MetadataControlID}'\n    AND BPTD.AuditLogID = '@{pipeline().parameters.BatchProcessID}'\n    ",
										"type": "Expression"
									},
									"queryTimeout": "02:00:00",
									"partitionOption": "None"
								},
								"dataset": {
									"referenceName": "ds_OperationAzureDB",
									"type": "DatasetReference"
								}
							}
						},
						{
							"name": "Log end",
							"type": "SqlServerStoredProcedure",
							"dependsOn": [
								{
									"activity": "Get parameters to end log",
									"dependencyConditions": [
										"Succeeded"
									]
								}
							],
							"policy": {
								"timeout": "7.00:00:00",
								"retry": 0,
								"retryIntervalInSeconds": 30,
								"secureOutput": false,
								"secureInput": false
							},
							"userProperties": [],
							"typeProperties": {
								"storedProcedureName": "[operation].[auditLog_Upsert]",
								"storedProcedureParameters": {
									"AuditLogID": {
										"value": {
											"value": "@pipeline().parameters.BatchProcessID",
											"type": "Expression"
										},
										"type": "Int32"
									},
									"AuditLogIDOutPut": {
										"value": null,
										"type": "Int32"
									},
									"BatchProcessStatusNameID": {
										"value": {
											"value": "@{activity('Get parameters to end log').output.firstRow.BatchProcessStatusNameID}\n",
											"type": "Expression"
										},
										"type": "Int16"
									},
									"BatchScheduleID": {
										"value": {
											"value": "@{activity('Get parameters to end log').output.firstRow.BatchScheduleID}\n",
											"type": "Expression"
										},
										"type": "Int16"
									},
									"DataRead": {
										"value": {
											"value": "@activity('Ingest records into ADL2').output.DataRead",
											"type": "Expression"
										},
										"type": "Decimal"
									},
									"DataWritten": {
										"value": {
											"value": "@activity('Ingest records into ADL2').output.DataWritten",
											"type": "Expression"
										},
										"type": "Decimal"
									},
									"Errormessage": {
										"value": null,
										"type": "String"
									},
									"FilesorrowsRead": {
										"value": {
											"value": "@activity('Ingest records into ADL2').output.rowsRead",
											"type": "Expression"
										},
										"type": "Int32"
									},
									"FilesorrowsWrite": {
										"value": {
											"value": "@activity('Ingest records into ADL2').output.rowsCopied",
											"type": "Expression"
										},
										"type": "Int32"
									},
									"InsertUpsert": {
										"value": {
											"value": "@activity('Get parameters to end log').output.firstRow.InsertUpsert",
											"type": "Expression"
										},
										"type": "Int16"
									},
									"MetadataControlID": {
										"value": {
											"value": "@activity('Get parameters to end log').output.firstRow.MetaDataControlID\n",
											"type": "Expression"
										},
										"type": "Int32"
									},
									"pipelineName": {
										"value": null,
										"type": "String"
									},
									"pipelineRunId": {
										"value": null,
										"type": "String"
									},
									"RowsWritten": {
										"value": {
											"value": "@activity('Ingest records into ADL2').output.rowsCopied",
											"type": "Expression"
										},
										"type": "Int32"
									},
									"TableGroupNumber": {
										"value": {
											"value": "@activity('Get parameters to end log').output.firstRow.TableGroupNumber",
											"type": "Expression"
										},
										"type": "Int16"
									},
									"Throughput": {
										"value": {
											"value": "@activity('Ingest records into ADL2').output.Throughput",
											"type": "Expression"
										},
										"type": "Decimal"
									},
									"triggerId": {
										"value": null,
										"type": "String"
									},
									"TriggerName": {
										"value": null,
										"type": "String"
									},
									"triggerType": {
										"value": null,
										"type": "String"
									}
								}
							},
							"linkedServiceName": {
								"referenceName": "ls_OperationAzureDB",
								"type": "LinkedServiceReference"
							}
						},
						{
							"name": "Get parameters to log error",
							"type": "Lookup",
							"dependsOn": [
								{
									"activity": "Ingest records into ADL2",
									"dependencyConditions": [
										"Failed"
									]
								}
							],
							"policy": {
								"timeout": "7.00:00:00",
								"retry": 0,
								"retryIntervalInSeconds": 30,
								"secureOutput": false,
								"secureInput": false
							},
							"userProperties": [],
							"typeProperties": {
								"source": {
									"type": "AzureSqlSource",
									"sqlReaderQuery": {
										"value": "SELECT\n    2 AS InsertUpsert,\n    NULL AS BatchProcessID,\n    MTC.TemplateinfoID,\n \n    MTC.BatchScheduleID,\n    BPSM.BatchProcessStatusNameID,\n  \n    MTC.TableGroupNumber,\n    MTC.GroupLoad,\n    MTC.MetadataControlID\nFROM\n\t\n\n\t[operation].[BatchSchedule] BS\nINNER JOIN\n\t[operation].[MetadataTableControl] MTC ON BS.BatchScheduleID = MTC.BatchScheduleID\nINNER JOIN\n    [operation].auditlogdetails BPTD ON MTC.MetadataControlID = BPTD.MetadataControlID\n   \nCROSS JOIN\n    [operation].[BatchProcessStatusName] BPSM\nWHERE\n    --Please check passed filters:\n    BPSM.BatchProcessStatusNameID = 20 --\"End with error\"\n    AND MTC.TemplateinfoID = '@{pipeline().parameters.TemplateinfoID}'\n    AND MTC.GroupLoad = '@{pipeline().parameters.GroupLoad}'\n    AND BPTD.MetadataControlID ='@{item().MetadataControlID}'\n    AND BPTD.AuditLogID = '@{pipeline().parameters.BatchProcessID}'\n    ",
										"type": "Expression"
									},
									"queryTimeout": "02:00:00",
									"partitionOption": "None"
								},
								"dataset": {
									"referenceName": "ds_OperationAzureDB",
									"type": "DatasetReference"
								}
							}
						},
						{
							"name": "Log error",
							"type": "SqlServerStoredProcedure",
							"dependsOn": [
								{
									"activity": "Get parameters to log error",
									"dependencyConditions": [
										"Succeeded"
									]
								}
							],
							"policy": {
								"timeout": "7.00:00:00",
								"retry": 0,
								"retryIntervalInSeconds": 30,
								"secureOutput": false,
								"secureInput": false
							},
							"userProperties": [],
							"typeProperties": {
								"storedProcedureName": "[operation].[auditLog_Upsert]",
								"storedProcedureParameters": {
									"AuditLogID": {
										"value": {
											"value": "@pipeline().parameters.BatchProcessID",
											"type": "Expression"
										},
										"type": "Int32"
									},
									"AuditLogIDOutPut": {
										"value": null,
										"type": "Int32"
									},
									"BatchProcessStatusNameID": {
										"value": {
											"value": "@activity('Get parameters to log error').output.firstRow.BatchProcessStatusNameID",
											"type": "Expression"
										},
										"type": "Int16"
									},
									"BatchScheduleID": {
										"value": null,
										"type": "Int16"
									},
									"DataRead": {
										"value": null,
										"type": "Decimal"
									},
									"DataWritten": {
										"value": null,
										"type": "Decimal"
									},
									"Errormessage": {
										"value": {
											"value": "@activity('Ingest records into ADL2').output.errors[0].message",
											"type": "Expression"
										},
										"type": "String"
									},
									"FilesorrowsRead": {
										"value": null,
										"type": "Int32"
									},
									"FilesorrowsWrite": {
										"value": null,
										"type": "Int32"
									},
									"InsertUpsert": {
										"value": {
											"value": "@activity('Get parameters to log error').output.firstRow.InsertUpsert",
											"type": "Expression"
										},
										"type": "Int16"
									},
									"MetadataControlID": {
										"value": {
											"value": "@activity('Get parameters to log error').output.firstRow.MetaDataControlID",
											"type": "Expression"
										},
										"type": "Int32"
									},
									"pipelineName": {
										"value": null,
										"type": "String"
									},
									"pipelineRunId": {
										"value": null,
										"type": "String"
									},
									"RowsWritten": {
										"value": null,
										"type": "Int32"
									},
									"TableGroupNumber": {
										"value": null,
										"type": "Int16"
									},
									"Throughput": {
										"value": null,
										"type": "Decimal"
									},
									"triggerId": {
										"value": null,
										"type": "String"
									},
									"TriggerName": {
										"value": null,
										"type": "String"
									},
									"triggerType": {
										"value": null,
										"type": "String"
									}
								}
							},
							"linkedServiceName": {
								"referenceName": "ls_OperationAzureDB",
								"type": "LinkedServiceReference"
							}
						},
						{
							"name": "Get Metadata1",
							"type": "GetMetadata",
							"dependsOn": [],
							"policy": {
								"timeout": "7.00:00:00",
								"retry": 0,
								"retryIntervalInSeconds": 30,
								"secureOutput": false,
								"secureInput": false
							},
							"userProperties": [],
							"typeProperties": {
								"dataset": {
									"referenceName": "ds_ADL2_GenericDataSet_Excel",
									"type": "DatasetReference",
									"parameters": {
										"SecretName": {
											"value": "@item().SourceKeyVaultURI",
											"type": "Expression"
										},
										"StorageAccount": {
											"value": "@item().SourceControl1",
											"type": "Expression"
										},
										"ContainerName": {
											"value": "@item().SourceControl2",
											"type": "Expression"
										},
										"FolderName": {
											"value": "@item().SourceControl3",
											"type": "Expression"
										},
										"FileName": {
											"value": "@item().SourceControl4",
											"type": "Expression"
										},
										"KeyVaultURI": {
											"value": "@item().SourceKeyVaultSecretName",
											"type": "Expression"
										},
										"SheetName": {
											"value": "@item().SourceControl5",
											"type": "Expression"
										}
									}
								},
								"fieldList": [
									"exists"
								],
								"storeSettings": {
									"type": "AzureBlobFSReadSettings",
									"recursive": true,
									"enablePartitionDiscovery": false
								}
							}
						}
					]
				}
			}
		],
		"parameters": {
			"BatchProcessID": {
				"type": "int",
				"defaultValue": 0
			},
			"SecretName": {
				"type": "string"
			},
			"ScheduleName": {
				"type": "string"
			},
			"TemplateInfoID": {
				"type": "int",
				"defaultValue": 0
			},
			"GroupLoad": {
				"type": "string"
			}
		},
		"variables": {
			"Sheetname": {
				"type": "String"
			}
		},
		"folder": {
			"name": "Pipeline Templates/Source Data Lake"
		},
		"annotations": [],
		"lastPublishTime": "2022-07-29T09:20:45Z"
	},
	"type": "Microsoft.Synapse/workspaces/pipelines"
}