{
	"name": "Main orchestrator",
	"properties": {
		"activities": [
			{
				"name": "Call from Data lake binary to binary",
				"type": "ExecutePipeline",
				"dependsOn": [],
				"userProperties": [],
				"typeProperties": {
					"pipeline": {
						"referenceName": "Generic - From ADLS2 - BInary to ADL2 - binary",
						"type": "PipelineReference"
					},
					"waitOnCompletion": true,
					"parameters": {
						"BatchProcessID": {
							"value": "@pipeline().parameters.BatchProcessIDOutPut",
							"type": "Expression"
						},
						"SecretName": {
							"value": "@pipeline().parameters.SecretName",
							"type": "Expression"
						},
						"ScheduleName": {
							"value": "@pipeline().parameters.ScheduleName",
							"type": "Expression"
						},
						"TemplateInfoID": 2,
						"GroupLoad": "LabData"
					}
				}
			},
			{
				"name": "Get parameters to end log process",
				"type": "Lookup",
				"dependsOn": [
					{
						"activity": "call from Data lake Delimited text to parquet",
						"dependencyConditions": [
							"Succeeded"
						]
					},
					{
						"activity": "Call from Data lake binary to binary",
						"dependencyConditions": [
							"Succeeded"
						]
					}
				],
				"policy": {
					"timeout": "7.00:00:00",
					"retry": 0,
					"retryIntervalInSeconds": 30,
					"secureOutput": false,
					"secureInput": false
				},
				"userProperties": [],
				"typeProperties": {
					"source": {
						"type": "AzureSqlSource",
						"sqlReaderQuery": {
							"value": "SELECT\n    3 AS InsertUpsert,\n   \n    40 AS BatchProcessStatusNameID,\n    BPTD.AuditLogID\nFROM\n    [operation].[auditlogdetails] BPTD\nWHERE\n    BPTD.AuditLogID = '@{pipeline().parameters.BatchProcessIDOutPut}'\nGROUP BY\n    BPTD.AuditLogID",
							"type": "Expression"
						},
						"queryTimeout": "02:00:00",
						"partitionOption": "None"
					},
					"dataset": {
						"referenceName": "ds_OperationAzureDB",
						"type": "DatasetReference"
					}
				}
			},
			{
				"name": "Log end log process",
				"type": "SqlServerStoredProcedure",
				"dependsOn": [
					{
						"activity": "Get parameters to end log process",
						"dependencyConditions": [
							"Succeeded"
						]
					}
				],
				"policy": {
					"timeout": "7.00:00:00",
					"retry": 0,
					"retryIntervalInSeconds": 30,
					"secureOutput": false,
					"secureInput": false
				},
				"userProperties": [],
				"typeProperties": {
					"storedProcedureName": "[operation].[auditLog_Upsert]",
					"storedProcedureParameters": {
						"AuditLogID": {
							"value": {
								"value": "@pipeline().parameters.BatchProcessIDOutPut",
								"type": "Expression"
							},
							"type": "Int32"
						},
						"AuditLogIDOutPut": {
							"value": null,
							"type": "Int32"
						},
						"BatchProcessStatusNameID": {
							"value": {
								"value": "@{activity('Get parameters to end log process').output.firstRow.BatchProcessStatusNameID}",
								"type": "Expression"
							},
							"type": "Int16"
						},
						"BatchScheduleID": {
							"value": null,
							"type": "Int16"
						},
						"DataRead": {
							"value": null,
							"type": "Decimal"
						},
						"DataWritten": {
							"value": null,
							"type": "Decimal"
						},
						"Errormessage": {
							"value": null,
							"type": "String"
						},
						"FilesorrowsRead": {
							"value": null,
							"type": "Int32"
						},
						"FilesorrowsWrite": {
							"value": null,
							"type": "Int32"
						},
						"InsertUpsert": {
							"value": {
								"value": "@{activity('Get parameters to end log process').output.firstRow.InsertUpsert}",
								"type": "Expression"
							},
							"type": "Int16"
						},
						"MetadataControlID": {
							"value": null,
							"type": "Int32"
						},
						"pipelineName": {
							"value": null,
							"type": "String"
						},
						"pipelineRunId": {
							"value": null,
							"type": "String"
						},
						"RowsWritten": {
							"value": null,
							"type": "Int32"
						},
						"TableGroupNumber": {
							"value": null,
							"type": "Int16"
						},
						"Throughput": {
							"value": null,
							"type": "Decimal"
						},
						"triggerId": {
							"value": null,
							"type": "String"
						},
						"TriggerName": {
							"value": null,
							"type": "String"
						},
						"triggerType": {
							"value": null,
							"type": "String"
						}
					}
				},
				"linkedServiceName": {
					"referenceName": "ls_OperationAzureDB",
					"type": "LinkedServiceReference"
				}
			},
			{
				"name": "call from Data lake Delimited text to parquet",
				"type": "ExecutePipeline",
				"dependsOn": [],
				"userProperties": [],
				"typeProperties": {
					"pipeline": {
						"referenceName": "Generic - From ADLS2 delimited text- Parquet",
						"type": "PipelineReference"
					},
					"waitOnCompletion": true,
					"parameters": {
						"BatchProcessID": {
							"value": "@pipeline().parameters.BatchProcessIDOutPut",
							"type": "Expression"
						},
						"SecretName": {
							"value": "@pipeline().parameters.SecretName",
							"type": "Expression"
						},
						"ScheduleName": {
							"value": "@pipeline().parameters.ScheduleName",
							"type": "Expression"
						},
						"TemplateInfoID": 1,
						"GroupLoad": "PatientData"
					}
				}
			}
		],
		"parameters": {
			"SecretName": {
				"type": "string",
				"defaultValue": "SecretName"
			},
			"ScheduleName": {
				"type": "string",
				"defaultValue": "ScheduleName"
			},
			"BatchProcessIDOutPut": {
				"type": "int",
				"defaultValue": 0
			}
		},
		"folder": {
			"name": "Projects/IHH/Load Hospital Data"
		},
		"annotations": [],
		"lastPublishTime": "2022-07-29T09:20:51Z"
	},
	"type": "Microsoft.Synapse/workspaces/pipelines"
}