{
	"name": "PipelinePauseResumeSQLPool",
	"properties": {
		"activities": [
			{
				"name": "WebGetSQLPoolList",
				"type": "WebActivity",
				"dependsOn": [],
				"policy": {
					"timeout": "7.00:00:00",
					"retry": 0,
					"retryIntervalInSeconds": 30,
					"secureOutput": false,
					"secureInput": false
				},
				"userProperties": [],
				"typeProperties": {
					"url": "https://management.azure.com/subscriptions/1c252438-c2c0-4055-b5ed-6157cf1befaf/resourceGroups/ave-sea-dev-arg-data-001/providers/Microsoft.Synapse/workspaces/ave-sea-dev-synw-data-001/sqlPools?api-version=2021-06-01",
					"connectVia": {
						"referenceName": "AutoResolveIntegrationRuntime",
						"type": "IntegrationRuntimeReference"
					},
					"method": "GET",
					"disableCertValidation": false,
					"authentication": {
						"type": "MSI",
						"resource": "https://management.azure.com"
					}
				}
			},
			{
				"name": "ForEachOnlineSQLPools",
				"type": "ForEach",
				"dependsOn": [
					{
						"activity": "FilterPausedSQLPools",
						"dependencyConditions": [
							"Succeeded"
						]
					}
				],
				"userProperties": [],
				"typeProperties": {
					"items": {
						"value": "@activity('FilterPausedSQLPools').output.value",
						"type": "Expression"
					},
					"activities": [
						{
							"name": "WebGetSQLPoolOperationsByUsers",
							"type": "WebActivity",
							"dependsOn": [],
							"policy": {
								"timeout": "7.00:00:00",
								"retry": 0,
								"retryIntervalInSeconds": 30,
								"secureOutput": false,
								"secureInput": false
							},
							"userProperties": [],
							"typeProperties": {
								"url": {
									"value": "https://management.azure.com/subscriptions/1c252438-c2c0-4055-b5ed-6157cf1befaf/resourceGroups/ave-sea-dev-arg-data-001/providers/Microsoft.Synapse/workspaces/ave-sea-dev-synw-data-001/sqlPools/@{item().name}/dataWarehouseUserActivities/current?api-version=2021-06-01",
									"type": "Expression"
								},
								"connectVia": {
									"referenceName": "AutoResolveIntegrationRuntime",
									"type": "IntegrationRuntimeReference"
								},
								"method": "GET",
								"disableCertValidation": false,
								"authentication": {
									"type": "MSI",
									"resource": "https://management.azure.com"
								}
							}
						},
						{
							"name": "IF_activeQueriesCountIs0",
							"type": "IfCondition",
							"dependsOn": [
								{
									"activity": "WebGetSQLPoolOperationsByUsers",
									"dependencyConditions": [
										"Succeeded"
									]
								}
							],
							"userProperties": [],
							"typeProperties": {
								"expression": {
									"value": "@equals(activity('WebGetSQLPoolOperationsByUsers').output.properties.activeQueriesCount, 0)",
									"type": "Expression"
								},
								"ifTrueActivities": [
									{
										"name": "WEBPauseSQLPool",
										"type": "WebActivity",
										"dependsOn": [],
										"policy": {
											"timeout": "7.00:00:00",
											"retry": 0,
											"retryIntervalInSeconds": 30,
											"secureOutput": false,
											"secureInput": false
										},
										"userProperties": [],
										"typeProperties": {
											"url": {
												"value": "https://management.azure.com/subscriptions/1c252438-c2c0-4055-b5ed-6157cf1befaf/resourceGroups/ave-sea-dev-arg-data-001/providers/Microsoft.Synapse/workspaces/ave-sea-dev-synw-data-001/sqlPools/@{item().name}/@{pipeline().parameters.Action}?api-version=2021-06-01",
												"type": "Expression"
											},
											"connectVia": {
												"referenceName": "AutoResolveIntegrationRuntime",
												"type": "IntegrationRuntimeReference"
											},
											"method": "POST",
											"body": "Pause SQL Pool",
											"authentication": {
												"type": "MSI",
												"resource": "https://management.azure.com"
											}
										}
									}
								]
							}
						}
					]
				}
			},
			{
				"name": "FilterPausedSQLPools",
				"type": "Filter",
				"dependsOn": [
					{
						"activity": "WebGetSQLPoolList",
						"dependencyConditions": [
							"Succeeded"
						]
					}
				],
				"userProperties": [],
				"typeProperties": {
					"items": {
						"value": "@activity('WebGetSQLPoolList').output.value",
						"type": "Expression"
					},
					"condition": {
						"value": "@not(equals(item().properties.status, variables('PausedStatus')))",
						"type": "Expression"
					}
				}
			}
		],
		"parameters": {
			"Action": {
				"type": "string",
				"defaultValue": "Pause"
			}
		},
		"variables": {
			"SQLPoolStatus": {
				"type": "String"
			},
			"PausedStatus": {
				"type": "String",
				"defaultValue": "Paused"
			},
			"OnlineStatus": {
				"type": "String",
				"defaultValue": "Online"
			}
		},
		"annotations": []
	}
}