{
	"name": "Start Batch Process",
	"properties": {
		"activities": [
			{
				"name": "Log start batch process",
				"type": "Lookup",
				"dependsOn": [
					{
						"activity": "Get parameters to start batch",
						"dependencyConditions": [
							"Succeeded"
						]
					}
				],
				"policy": {
					"timeout": "7.00:00:00",
					"retry": 0,
					"retryIntervalInSeconds": 30,
					"secureOutput": false,
					"secureInput": false
				},
				"userProperties": [],
				"typeProperties": {
					"source": {
						"type": "AzureSqlSource",
						"sqlReaderStoredProcedureName": "[operation].[auditLog_Upsert]",
						"storedProcedureParameters": {
							"AuditLogID": {
								"type": "Int32",
								"value": null
							},
							"AuditLogIDOutPut": {
								"type": "Int32",
								"value": null
							},
							"BatchProcessStatusNameID": {
								"type": "Int16",
								"value": {
									"value": "@{activity('Get parameters to start batch').output.firstRow.BatchProcessStatusNameID}",
									"type": "Expression"
								}
							},
							"BatchScheduleID": {
								"type": "Int16",
								"value": {
									"value": "@{activity('Get parameters to start batch').output.firstRow.BatchScheduleID}",
									"type": "Expression"
								}
							},
							"DataRead": {
								"type": "Decimal",
								"value": null
							},
							"DataWritten": {
								"type": "Decimal",
								"value": null
							},
							"Errormessage": {
								"type": "String",
								"value": null
							},
							"FilesorrowsRead": {
								"type": "Int32",
								"value": null
							},
							"FilesorrowsWrite": {
								"type": "Int32",
								"value": null
							},
							"InsertUpsert": {
								"type": "Int16",
								"value": {
									"value": "@{activity('Get parameters to start batch').output.firstRow.InsertUpsert}",
									"type": "Expression"
								}
							},
							"MetadataControlID": {
								"type": "Int32",
								"value": {
									"value": "@{activity('Get parameters to start batch').output.firstRow.MetadataControlID}",
									"type": "Expression"
								}
							},
							"pipelineName": {
								"type": "String",
								"value": {
									"value": "@pipeline().Pipeline",
									"type": "Expression"
								}
							},
							"pipelineRunId": {
								"type": "String",
								"value": {
									"value": "@pipeline().RunId",
									"type": "Expression"
								}
							},
							"RowsWritten": {
								"type": "Int32",
								"value": null
							},
							"TableGroupNumber": {
								"type": "Int16",
								"value": null
							},
							"Throughput": {
								"type": "Decimal",
								"value": null
							},
							"triggerId": {
								"type": "String",
								"value": {
									"value": "@pipeline().TriggerId",
									"type": "Expression"
								}
							},
							"TriggerName": {
								"type": "String",
								"value": {
									"value": "@pipeline().TriggerName",
									"type": "Expression"
								}
							},
							"triggerType": {
								"type": "String",
								"value": {
									"value": "@pipeline().TriggerType",
									"type": "Expression"
								}
							}
						},
						"queryTimeout": "02:00:00",
						"partitionOption": "None"
					},
					"dataset": {
						"referenceName": "ds_OperationAzureDB",
						"type": "DatasetReference"
					}
				}
			},
			{
				"name": "Get parameters to start batch",
				"type": "Lookup",
				"dependsOn": [],
				"policy": {
					"timeout": "7.00:00:00",
					"retry": 0,
					"retryIntervalInSeconds": 30,
					"secureOutput": false,
					"secureInput": false
				},
				"userProperties": [],
				"typeProperties": {
					"source": {
						"type": "AzureSqlSource",
						"sqlReaderQuery": {
							"value": "\n\nSELECT\n    1 AS InsertUpsert,\n    NULL AS AuditLoginID,\n    MTC.TemplateinfoID,\n   \n    MTC.BatchScheduleID,\n    0 AS BatchProcessStatusNameID,\n    NULL AS TableGroupNumber,\n    MTC.MetadataControlID\n   \nFROM\n  \n\t[operation].[BatchSchedule] BS \nINNER JOIN\n\t[operation].MetadataTableControl MTC ON BS.BatchScheduleID = MTC.BatchScheduleID\nINNER JOIN\n    [operation].TemplateInfo TPI ON MTC.TemplateinfoID = TPI.TemplateinfoID\nWHERE\n    BS.ScheduleName = '@{pipeline().parameters.ScheduleName}'",
							"type": "Expression"
						},
						"queryTimeout": "02:00:00",
						"partitionOption": "None"
					},
					"dataset": {
						"referenceName": "ds_OperationAzureDB",
						"type": "DatasetReference"
					}
				}
			},
			{
				"name": "Call main orchestrator",
				"type": "ExecutePipeline",
				"dependsOn": [
					{
						"activity": "Log start batch process",
						"dependencyConditions": [
							"Succeeded"
						]
					}
				],
				"userProperties": [],
				"typeProperties": {
					"pipeline": {
						"referenceName": "Main orchestrator",
						"type": "PipelineReference"
					},
					"waitOnCompletion": true,
					"parameters": {
						"SecretName": {
							"value": "@pipeline().parameters.SecretName",
							"type": "Expression"
						},
						"ScheduleName": {
							"value": "@pipeline().parameters.ScheduleName",
							"type": "Expression"
						},
						"BatchProcessIDOutPut": {
							"value": "@activity('Log start batch process').output.firstRow.AuditLogIDOutPut",
							"type": "Expression"
						}
					}
				}
			}
		],
		"parameters": {
			"SecretName": {
				"type": "string",
				"defaultValue": "SecretName"
			},
			"ScheduleName": {
				"type": "string",
				"defaultValue": "ScheduleName"
			},
			"CurrentBatchProcessID": {
				"type": "int",
				"defaultValue": 0
			}
		},
		"folder": {
			"name": "Projects/IHH/Load Hospital Data"
		},
		"annotations": [],
		"lastPublishTime": "2022-07-29T09:20:57Z"
	},
	"type": "Microsoft.Synapse/workspaces/pipelines"
}