{
	"name": "Start OnBoarding Process",
	"properties": {
		"activities": [
			{
				"name": "Get records to load into ADL2",
				"type": "Lookup",
				"dependsOn": [],
				"policy": {
					"timeout": "7.00:00:00",
					"retry": 0,
					"retryIntervalInSeconds": 30,
					"secureOutput": false,
					"secureInput": false
				},
				"userProperties": [],
				"typeProperties": {
					"source": {
						"type": "AzureSqlSource",
						"sqlReaderQuery": {
							"value": "SELECT\n    null as SourceKeyVaultSecretName,\n  '@{pipeline().parameters.PL_StorageAccountName}' as SourceControl1,\t\n  'raw' as SourceControl2\t,\n  'framework'as SourceControl3,\n  'Sample_of_SourceOnboarding.xlsx' as \tSourceControl4,\n  'operation.SourceSystem' as SourceControl5,\t\t\t\n null as DestinationControl1 ,\n  null as DestinationControl2\t,\n  'staging' as DestinationControl3\t,\n  'temp_SourceSystem' as DestinationControl4\n  UNION \n    SELECT  null as SourceKeyVaultSecretName, \n\t '@{pipeline().parameters.PL_StorageAccountName}' as SourceControl1,\t\n  'raw' as SourceControl2\t,\n  'framework'as SourceControl3,\n  'Sample_of_SourceOnboarding.xlsx' as \tSourceControl4,\n  'operation.Hospital' as SourceControl5,\t\t\t\n   null as DestinationControl1 ,\n  null as DestinationControl2\t,\n  'staging' as DestinationControl3\t,\n  'temp_Hospital' as DestinationControl4\n  UNION\n   SELECT  null as SourceKeyVaultSecretName,\n  '@{pipeline().parameters.PL_StorageAccountName}'  as SourceControl1,\t\n  'raw' as SourceControl2\t,\n  'framework'as SourceControl3,\n  'Sample_of_SourceOnboarding.xlsx' as \tSourceControl4,\n  'operation.TemplateInfo' as SourceControl5,\t\t\t\n  null as DestinationControl1 ,\n  null as DestinationControl2\t,\n  'staging' as DestinationControl3\t,\n  'temp_TemplateInfo' as DestinationControl4\n  UNION\n   SELECT  null as SourceKeyVaultSecretName,\n   '@{pipeline().parameters.PL_StorageAccountName}' as SourceControl1,\t\n  'raw' as SourceControl2\t,\n  'framework'as SourceControl3,\n  'Sample_of_SourceOnboarding.xlsx' as \tSourceControl4,\n  'operation.BatchSchedule' as SourceControl5,\t\t\t\n    null as DestinationControl1 ,\n  null as DestinationControl2\t,\n  'staging' as DestinationControl3\t,\n  'temp_BatchSchedule' as DestinationControl4\n  UNION\n    SELECT  null as SourceKeyVaultSecretName, \n '@{pipeline().parameters.PL_StorageAccountName}' as SourceControl1,\t\n  'raw' as SourceControl2\t,\n  'framework'as SourceControl3,\n  'Sample_of_SourceOnboarding.xlsx' as \tSourceControl4,\n  'operation.MetadataTableControl' as SourceControl5,\t\t\t\n   null as DestinationControl1 ,\n  null as DestinationControl2\t,\n  'staging' as DestinationControl3\t,\n  'temp_MetadataTableControl' as DestinationControl4",
							"type": "Expression"
						},
						"queryTimeout": "02:00:00",
						"partitionOption": "None"
					},
					"dataset": {
						"referenceName": "ds_OperationAzureDB",
						"type": "DatasetReference"
					},
					"firstRowOnly": false
				}
			},
			{
				"name": "Load records into ADL2",
				"type": "ForEach",
				"dependsOn": [
					{
						"activity": "Get records to load into ADL2",
						"dependencyConditions": [
							"Succeeded"
						]
					}
				],
				"userProperties": [],
				"typeProperties": {
					"items": {
						"value": "@activity('Get records to load into ADL2').output.value",
						"type": "Expression"
					},
					"isSequential": true,
					"activities": [
						{
							"name": "Ingest records into ADL2",
							"type": "Copy",
							"dependsOn": [
								{
									"activity": "FileValidation",
									"dependencyConditions": [
										"Succeeded"
									]
								}
							],
							"policy": {
								"timeout": "7.00:00:00",
								"retry": 0,
								"retryIntervalInSeconds": 30,
								"secureOutput": false,
								"secureInput": false
							},
							"userProperties": [],
							"typeProperties": {
								"source": {
									"type": "ExcelSource",
									"storeSettings": {
										"type": "AzureBlobFSReadSettings",
										"recursive": true,
										"enablePartitionDiscovery": false
									}
								},
								"sink": {
									"type": "AzureSqlSink",
									"preCopyScript": {
										"value": "Truncate Table @{item().DestinationControl3}.@{item().DestinationControl4}",
										"type": "Expression"
									},
									"writeBehavior": "insert",
									"sqlWriterUseTableLock": true,
									"disableMetricsCollection": false
								},
								"enableStaging": false,
								"translator": {
									"type": "TabularTranslator",
									"typeConversion": true,
									"typeConversionSettings": {
										"allowDataTruncation": true,
										"treatBooleanAsNumber": false
									}
								}
							},
							"inputs": [
								{
									"referenceName": "ds_ADL2_GenericDataSet_Excel",
									"type": "DatasetReference",
									"parameters": {
										"SecretName": {
											"value": "@item().SourceKeyVaultSecretName",
											"type": "Expression"
										},
										"StorageAccount": {
											"value": "@item().SourceControl1",
											"type": "Expression"
										},
										"ContainerName": {
											"value": "@item().SourceControl2",
											"type": "Expression"
										},
										"FolderName": {
											"value": "@item().SourceControl3",
											"type": "Expression"
										},
										"FileName": {
											"value": "@item().SourceControl4",
											"type": "Expression"
										},
										"KeyVaultURI": {
											"value": "@item().SourceKeyVaultSecretName",
											"type": "Expression"
										},
										"SheetName": {
											"value": "@item().SourceControl5",
											"type": "Expression"
										}
									}
								}
							],
							"outputs": [
								{
									"referenceName": "ds_OperationAzureSQLDB",
									"type": "DatasetReference",
									"parameters": {
										"SchemaNme": {
											"value": "@item().DestinationControl3",
											"type": "Expression"
										},
										"TableName": {
											"value": "@item().DestinationControl4",
											"type": "Expression"
										}
									}
								}
							]
						},
						{
							"name": "FileValidation",
							"type": "GetMetadata",
							"dependsOn": [],
							"policy": {
								"timeout": "7.00:00:00",
								"retry": 0,
								"retryIntervalInSeconds": 30,
								"secureOutput": false,
								"secureInput": false
							},
							"userProperties": [],
							"typeProperties": {
								"dataset": {
									"referenceName": "ds_ADL2_GenericDataSet_Excel",
									"type": "DatasetReference",
									"parameters": {
										"SecretName": {
											"value": "@item().SourceKeyVaultSecretName",
											"type": "Expression"
										},
										"StorageAccount": {
											"value": "@item().SourceControl1",
											"type": "Expression"
										},
										"ContainerName": {
											"value": "@item().SourceControl2",
											"type": "Expression"
										},
										"FolderName": {
											"value": "@item().SourceControl3",
											"type": "Expression"
										},
										"FileName": {
											"value": "@item().SourceControl4",
											"type": "Expression"
										},
										"KeyVaultURI": {
											"value": "NULL",
											"type": "Expression"
										},
										"SheetName": {
											"value": "@item().SourceControl5",
											"type": "Expression"
										}
									}
								},
								"fieldList": [
									"exists"
								],
								"storeSettings": {
									"type": "AzureBlobFSReadSettings",
									"recursive": true,
									"enablePartitionDiscovery": false
								}
							}
						}
					]
				}
			},
			{
				"name": "Load SourceSystem",
				"type": "SqlServerStoredProcedure",
				"dependsOn": [
					{
						"activity": "Load records into ADL2",
						"dependencyConditions": [
							"Succeeded"
						]
					}
				],
				"policy": {
					"timeout": "7.00:00:00",
					"retry": 0,
					"retryIntervalInSeconds": 30,
					"secureOutput": false,
					"secureInput": false
				},
				"userProperties": [],
				"typeProperties": {
					"storedProcedureName": "[operation].[SourceSystem_Upsert]"
				},
				"linkedServiceName": {
					"referenceName": "ls_OperationAzureDB",
					"type": "LinkedServiceReference"
				}
			},
			{
				"name": "Load Hospital",
				"type": "SqlServerStoredProcedure",
				"dependsOn": [
					{
						"activity": "Load SourceSystem",
						"dependencyConditions": [
							"Succeeded"
						]
					}
				],
				"policy": {
					"timeout": "7.00:00:00",
					"retry": 0,
					"retryIntervalInSeconds": 30,
					"secureOutput": false,
					"secureInput": false
				},
				"userProperties": [],
				"typeProperties": {
					"storedProcedureName": "[operation].[Hospital_Upsert]"
				},
				"linkedServiceName": {
					"referenceName": "ls_OperationAzureDB",
					"type": "LinkedServiceReference"
				}
			},
			{
				"name": "Load Batch Schedule",
				"type": "SqlServerStoredProcedure",
				"dependsOn": [
					{
						"activity": "Load TemplateInfo",
						"dependencyConditions": [
							"Succeeded"
						]
					}
				],
				"policy": {
					"timeout": "7.00:00:00",
					"retry": 0,
					"retryIntervalInSeconds": 30,
					"secureOutput": false,
					"secureInput": false
				},
				"userProperties": [],
				"typeProperties": {
					"storedProcedureName": "[operation].[BatchSchedule_Upsert]"
				},
				"linkedServiceName": {
					"referenceName": "ls_OperationAzureDB",
					"type": "LinkedServiceReference"
				}
			},
			{
				"name": "Load TemplateInfo",
				"type": "SqlServerStoredProcedure",
				"dependsOn": [
					{
						"activity": "Load Hospital",
						"dependencyConditions": [
							"Succeeded"
						]
					}
				],
				"policy": {
					"timeout": "7.00:00:00",
					"retry": 0,
					"retryIntervalInSeconds": 30,
					"secureOutput": false,
					"secureInput": false
				},
				"userProperties": [],
				"typeProperties": {
					"storedProcedureName": "[operation].[TemplateInfo_Upsert]"
				},
				"linkedServiceName": {
					"referenceName": "ls_OperationAzureDB",
					"type": "LinkedServiceReference"
				}
			},
			{
				"name": "Load Metadata",
				"type": "SqlServerStoredProcedure",
				"dependsOn": [
					{
						"activity": "Load Batch Schedule",
						"dependencyConditions": [
							"Succeeded"
						]
					}
				],
				"policy": {
					"timeout": "7.00:00:00",
					"retry": 0,
					"retryIntervalInSeconds": 30,
					"secureOutput": false,
					"secureInput": false
				},
				"userProperties": [],
				"typeProperties": {
					"storedProcedureName": "[operation].[MetadataTableControl_upsert]"
				},
				"linkedServiceName": {
					"referenceName": "ls_OperationAzureDB",
					"type": "LinkedServiceReference"
				}
			}
		],
		"parameters": {
			"PL_StorageAccountName": {
				"type": "string",
				"defaultValue": "aveseadevstdata002"
			}
		},
		"variables": {
			"Sheetname": {
				"type": "String"
			}
		},
		"folder": {
			"name": "Projects/On-BoardingSource"
		},
		"annotations": [],
		"lastPublishTime": "2022-08-01T07:09:48Z"
	},
	"type": "Microsoft.Synapse/workspaces/pipelines"
}