{
	"name": "ds_ADL2_GenericDataSet_Excel",
	"properties": {
		"linkedServiceName": {
			"referenceName": "ls_GenericADL2",
			"type": "LinkedServiceReference",
			"parameters": {
				"LS_StorageAccount": {
					"value": "@dataset().StorageAccount",
					"type": "Expression"
				}
			}
		},
		"parameters": {
			"SecretName": {
				"type": "string"
			},
			"StorageAccount": {
				"type": "string"
			},
			"ContainerName": {
				"type": "string"
			},
			"FolderName": {
				"type": "string"
			},
			"FileName": {
				"type": "string"
			},
			"KeyVaultURI": {
				"type": "string"
			},
			"SheetName": {
				"type": "string"
			}
		},
		"folder": {
			"name": "Datasets Templates"
		},
		"annotations": [],
		"type": "Excel",
		"typeProperties": {
			"sheetName": {
				"value": "@dataset().SheetName",
				"type": "Expression"
			},
			"location": {
				"type": "AzureBlobFSLocation",
				"fileName": {
					"value": "@dataset().FileName",
					"type": "Expression"
				},
				"folderPath": {
					"value": "@dataset().FolderName",
					"type": "Expression"
				},
				"fileSystem": {
					"value": "@dataset().ContainerName",
					"type": "Expression"
				}
			},
			"firstRowAsHeader": true
		},
		"schema": []
	},
	"type": "Microsoft.Synapse/workspaces/datasets"
}