{
	"name": "ds_ADL2_GenericDataSet_binary",
	"properties": {
		"linkedServiceName": {
			"referenceName": "ls_GenericADL2",
			"type": "LinkedServiceReference",
			"parameters": {
				"LS_StorageAccount": {
					"value": "@dataset().StorageAccount",
					"type": "Expression"
				}
			}
		},
		"parameters": {
			"SecretName": {
				"type": "string",
				"defaultValue": "SecretName"
			},
			"StorageAccount": {
				"type": "string",
				"defaultValue": "StorageAccount"
			},
			"ContainerName": {
				"type": "string",
				"defaultValue": "ContainerName"
			},
			"FolderName": {
				"type": "string",
				"defaultValue": "FolderName"
			},
			"FileName": {
				"type": "string",
				"defaultValue": "FileName"
			},
			"KeyVaultURI": {
				"type": "string",
				"defaultValue": "KeyVaultURI"
			}
		},
		"folder": {
			"name": "Datasets Templates"
		},
		"annotations": [],
		"type": "Binary",
		"typeProperties": {
			"location": {
				"type": "AzureBlobFSLocation",
				"folderPath": {
					"value": "@dataset().FolderName",
					"type": "Expression"
				},
				"fileSystem": {
					"value": "@dataset().ContainerName",
					"type": "Expression"
				}
			}
		}
	},
	"type": "Microsoft.Synapse/workspaces/datasets"
}