{
	"name": "ds_ADL2_GenericDatSet_DelimetedFIle",
	"properties": {
		"linkedServiceName": {
			"referenceName": "ls_GenericADL2",
			"type": "LinkedServiceReference",
			"parameters": {
				"LS_StorageAccount": {
					"value": "@dataset().StorageAccount",
					"type": "Expression"
				}
			}
		},
		"parameters": {
			"SecretName": {
				"type": "string",
				"defaultValue": "SecretName"
			},
			"StorageAccount": {
				"type": "string",
				"defaultValue": "StorageAccount"
			},
			"ContainerName": {
				"type": "string",
				"defaultValue": "ContainerName"
			},
			"FolderName": {
				"type": "string",
				"defaultValue": "FolderName"
			},
			"FileName": {
				"type": "string",
				"defaultValue": "FileName"
			},
			"Delimeter": {
				"type": "string",
				"defaultValue": "Delimeter"
			}
		},
		"folder": {
			"name": "Datasets Templates"
		},
		"annotations": [],
		"type": "DelimitedText",
		"typeProperties": {
			"location": {
				"type": "AzureBlobFSLocation",
				"folderPath": {
					"value": "@dataset().FolderName",
					"type": "Expression"
				},
				"fileSystem": {
					"value": "@dataset().ContainerName",
					"type": "Expression"
				}
			},
			"columnDelimiter": {
				"value": "@dataset().Delimeter",
				"type": "Expression"
			},
			"escapeChar": "\\",
			"firstRowAsHeader": true,
			"quoteChar": "\""
		},
		"schema": []
	},
	"type": "Microsoft.Synapse/workspaces/datasets"
}