{
	"name": "ds_OperationAzureSQLDB",
	"properties": {
		"linkedServiceName": {
			"referenceName": "ls_OperationAzureDB",
			"type": "LinkedServiceReference",
			"parameters": {
				"LS_DBServerName": "ave-sea-dev-sql-data-001.database.windows.net",
				"LS_DBName": "ave-sea-dev-sqldb-data-001"
			}
		},
		"parameters": {
			"SchemaNme": {
				"type": "string"
			},
			"TableName": {
				"type": "string"
			}
		},
		"folder": {
			"name": "Datasets Templates"
		},
		"annotations": [],
		"type": "AzureSqlTable",
		"schema": [],
		"typeProperties": {
			"schema": {
				"value": "@dataset().SchemaNme",
				"type": "Expression"
			},
			"table": {
				"value": "@dataset().TableName",
				"type": "Expression"
			}
		}
	},
	"type": "Microsoft.Synapse/workspaces/datasets"
}